"Pos_1_1";"B_1_1";"Pos_1_2";"B_1_2";"Pos_1_3";"B_1_3";"Pos_05_1";"B_2_1";"Pos_05_2";"B_2_2";"Pos_05_3";"B_2_3"
0,0000;6,2844E-5;0,0000;4,2556E-5;0,0000;4,9097E-6;0,0000;6,6763E-5;0,0000;2,9397E-5;0,0000;5,6787E-6
0,0000;6,1489E-5;0,0000;4,2690E-5;0,0000;1,0000E-5;0,0000;6,7019E-5;0,0000;2,6174E-5;0,0000;3,1641E-6
0,0000;6,2869E-5;0,0000;3,8149E-5;0,0000;3,5669E-6;0,0000;6,7520E-5;0,0000;2,8835E-5;0,0000;1,7358E-6
0,0000;6,4333E-5;0,0000;3,7954E-5;0,0000;6,2769E-6;0,0000;6,5518E-5;0,0000;2,5820E-5;0,0000;2,3462E-6
0,0000;6,2124E-5;0,0000;4,0261E-5;0,0000;7,4731E-6;0,0000;6,9778E-5;0,0000;2,7810E-5;0,0000;1,8579E-6
0,0000;6,4089E-5;0,0000;4,1433E-5;0,0000;3,8232E-6;0,0000;6,5762E-5;0,0000;2,8982E-5;0,0000;3,3228E-6
0,0000;6,2234E-5;0,0000;4,1116E-5;0,0000;5,2637E-6;0,0000;6,5884E-5;0,0000;2,7468E-5;0,0000;2,3096E-6
0,0000;6,2417E-5;0,0000;3,9541E-5;0,0000;4,6045E-6;0,0000;6,8057E-5;0,0000;2,5625E-5;0,0000;3,8965E-6
4,3750E-5;6,1196E-5;0,0000;3,6892E-5;0,0000;8,3154E-6;0,0000;6,3711E-5;0,0000;2,2134E-5;0,0000;2,0654E-6
1,3125E-4;6,3687E-5;0,0000;4,1323E-5;0,0000;7,8027E-6;0,0000;6,5981E-5;0,0000;2,5125E-5;0,0000;2,6880E-6
3,0625E-4;6,1514E-5;0,0000;4,3643E-5;0,0000;5,4712E-6;0,0000;6,6213E-5;0,0000;2,3843E-5;0,0000;2,8589E-6
5,2500E-4;6,1099E-5;0,0000;3,9858E-5;0,0000;5,6543E-6;0,0000;6,5054E-5;0,0000;2,6431E-5;0,0000;9,3018E-7
7,8750E-4;6,2234E-5;0,0000;4,4570E-5;0,0000;6,1426E-6;0,0000;6,4553E-5;0,0000;2,7126E-5;0,0000;5,0439E-6
0,0010;6,4321E-5;0,0000;3,8540E-5;0,0000;7,3877E-6;0,0000;6,4407E-5;0,0000;2,3220E-5;0,0000;3,9819E-6
0,0014;6,4187E-5;0,0000;4,2886E-5;0,0000;5,1538E-6;0,0000;6,6042E-5;0,0000;2,5991E-5;0,0000;3,0298E-6
0,0019;6,2795E-5;0,0000;4,2434E-5;0,0000;7,0703E-6;0,0000;6,4431E-5;0,0000;2,4343E-5;0,0000;1,9556E-6
0,0025;6,3577E-5;0,0000;3,8857E-5;0,0000;7,4731E-6;0,0000;6,5518E-5;0,0000;2,5271E-5;0,0000;-4,4922E-7
0,0031;6,5164E-5;0,0000;4,0688E-5;0,0000;4,7754E-6;0,0000;6,5212E-5;0,0000;2,3257E-5;0,0000;1,4893E-7
0,0039;6,8142E-5;0,0000;4,0225E-5;0,0000;6,6797E-6;0,0000;6,5261E-5;0,0000;2,3831E-5;0,0000;4,0552E-6
0,0049;6,8801E-5;0,0000;3,8979E-5;0,0000;5,4224E-6;0,0000;6,5798E-5;0,0000;2,5430E-5;0,0000;1,4673E-6
0,0059;6,8984E-5;0,0000;4,3240E-5;0,0000;6,7896E-6;0,0000;6,8411E-5;0,0000;2,2866E-5;0,0000;2,4561E-6
0,0069;7,2744E-5;0,0000;3,8076E-5;0,0000;8,7671E-6;0,0000;6,4297E-5;0,0000;2,5686E-5;0,0000;3,6523E-6
0,0078;7,2573E-5;0,0000;4,0249E-5;4,3750E-5;5,5078E-6;0,0000;6,3284E-5;0,0000;2,5283E-5;0,0000;5,5176E-7
0,0087;7,2646E-5;0,0000;3,7808E-5;4,3750E-5;4,8486E-6;0,0000;6,5652E-5;0,0000;2,7102E-5;0,0000;-1,1963E-7
0,0096;7,7542E-5;0,0000;4,2715E-5;4,3750E-5;4,8608E-6;0,0000;6,3442E-5;0,0000;2,6870E-5;0,0000;2,2217E-7
0,0105;7,6956E-5;0,0000;4,1396E-5;4,3750E-5;6,2769E-6;0,0000;6,4785E-5;0,0000;2,3831E-5;4,3750E-5;2,6270E-6
0,0114;8,0764E-5;0,0000;4,1042E-5;4,3750E-5;6,0571E-6;4,3750E-5;6,7471E-5;0,0000;2,4221E-5;4,3750E-5;5,8838E-7
0,0121;7,9507E-5;0,0000;3,9065E-5;8,7500E-5;4,8120E-6;4,3750E-5;6,1379E-5;0,0000;2,7725E-5;4,3750E-5;2,3706E-6
0,0127;8,0068E-5;0,0000;3,7002E-5;8,7500E-5;8,3154E-6;4,3750E-5;6,4260E-5;4,3750E-5;2,5625E-5;4,3750E-5;1,3696E-6
0,0133;8,1619E-5;0,0000;3,6245E-5;8,7500E-5;5,9717E-6;4,3750E-5;6,4224E-5;4,3750E-5;2,4160E-5;4,3750E-5;3,5645E-7
0,0138;8,5073E-5;0,0000;3,5391E-5;8,7500E-5;6,3257E-6;4,3750E-5;6,7727E-5;4,3750E-5;2,7358E-5;4,3750E-5;1,7334E-7
0,0145;8,5854E-5;0,0000;3,9333E-5;8,7500E-5;4,6655E-6;4,3750E-5;6,5371E-5;4,3750E-5;2,3708E-5;8,7500E-5;3,9209E-6
0,0151;8,4561E-5;0,0000;3,9407E-5;8,7500E-5;6,9971E-6;4,3750E-5;6,4468E-5;4,3750E-5;2,5515E-5;8,7500E-5;1,0889E-6
0,0158;8,7991E-5;0,0000;3,9272E-5;8,7500E-5;4,1772E-6;4,3750E-5;6,5469E-5;4,3750E-5;2,9299E-5;8,7500E-5;1,8701E-6
0,0165;8,8345E-5;0,0000;3,3621E-5;8,7500E-5;5,9229E-6;4,3750E-5;6,5518E-5;4,3750E-5;2,2927E-5;8,7500E-5;2,8320E-7
0,0170;8,9053E-5;0,0000;3,6892E-5;8,7500E-5;9,7803E-6;4,3750E-5;6,6519E-5;4,3750E-5;2,5747E-5;8,7500E-5;2,7612E-6
0,0177;9,1213E-5;4,3750E-5;3,7954E-5;8,7500E-5;4,6655E-6;4,3750E-5;6,3589E-5;8,7500E-5;2,7065E-5;1,3125E-4;1,6748E-6
0,0184;8,8979E-5;4,3750E-5;3,9431E-5;1,3125E-4;7,5098E-6;4,3750E-5;6,1355E-5;8,7500E-5;2,6357E-5;1,3125E-4;3,3228E-6
0,0191;9,1873E-5;4,3750E-5;4,0688E-5;1,3125E-4;4,6289E-6;4,3750E-5;6,3113E-5;8,7500E-5;2,7163E-5;1,3125E-4;1,5771E-6
0,0198;9,4509E-5;4,3750E-5;3,7063E-5;1,3125E-4;1,4429E-6;4,3750E-5;6,4419E-5;8,7500E-5;2,5247E-5;1,3125E-4;1,1987E-6
0,0206;9,6804E-5;4,3750E-5;3,7234E-5;1,3125E-4;7,8882E-6;4,3750E-5;6,3406E-5;8,7500E-5;2,6760E-5;1,3125E-4;1,4551E-6
0,0213;9,7427E-5;4,3750E-5;3,8333E-5;1,7500E-4;4,5435E-6;8,7500E-5;6,5444E-5;8,7500E-5;2,5552E-5;1,3125E-4;-5,8350E-7
0,0221;1,0069E-4;4,3750E-5;4,1714E-5;2,1875E-4;2,3584E-6;8,7500E-5;6,6177E-5;8,7500E-5;2,3293E-5;1,3125E-4;3,6890E-6
0,0229;9,7451E-5;4,3750E-5;3,6697E-5;3,9375E-4;5,5078E-6;8,7500E-5;6,4163E-5;1,3125E-4;2,5845E-5;1,3125E-4;3,3716E-6
0,0236;1,0371E-4;8,7500E-5;3,8809E-5;6,1250E-4;3,2983E-6;8,7500E-5;6,4846E-5;1,3125E-4;2,6785E-5;1,3125E-4;2,3706E-6
0,0242;1,0337E-4;8,7500E-5;3,7222E-5;9,6250E-4;6,7285E-6;8,7500E-5;6,7080E-5;1,3125E-4;2,3721E-5;1,7500E-4;1,2842E-6
0,0248;1,0196E-4;8,7500E-5;4,1396E-5;0,0013;7,5098E-6;8,7500E-5;6,7910E-5;1,3125E-4;2,8213E-5;1,7500E-4;3,1885E-6
0,0255;1,0353E-4;8,7500E-5;4,0359E-5;0,0017;9,5239E-6;1,3125E-4;6,7300E-5;1,3125E-4;2,6187E-5;2,6250E-4;3,3228E-6
0,0263;1,0464E-4;8,7500E-5;3,9773E-5;0,0022;8,6084E-6;1,3125E-4;6,6946E-5;1,7500E-4;2,4783E-5;3,9375E-4;8,2031E-7
0,0272;1,0573E-4;1,3125E-4;4,1018E-5;0,0029;1,0208E-5;1,3125E-4;6,6653E-5;1,7500E-4;2,3452E-5;5,6875E-4;2,3096E-6
0,0281;1,1038E-4;1,3125E-4;3,7673E-5;0,0036;1,4517E-5;1,3125E-4;6,4785E-5;2,1875E-4;2,6394E-5;9,1875E-4;2,7246E-6
0,0290;1,0763E-4;1,3125E-4;3,9675E-5;0,0043;1,6799E-5;1,7500E-4;6,4736E-5;2,6250E-4;2,7798E-5;0,0015;6,1182E-6
0,0301;1,1164E-4;2,1875E-4;3,8064E-5;0,0049;1,5725E-5;1,7500E-4;6,4272E-5;3,0625E-4;2,7505E-5;0,0023;2,6514E-6
0,0311;1,1538E-4;3,0625E-4;3,9846E-5;0,0055;1,8179E-5;2,1875E-4;6,4382E-5;3,5000E-4;2,7737E-5;0,0034;4,8364E-6
0,0320;1,1770E-4;3,5000E-4;4,1055E-5;0,0059;1,8362E-5;2,1875E-4;6,6384E-5;5,2500E-4;2,6699E-5;0,0045;4,1162E-6
0,0328;1,1917E-4;4,8125E-4;4,1055E-5;0,0065;1,8801E-5;2,6250E-4;6,6750E-5;7,8750E-4;2,4209E-5;0,0059;7,7783E-6
0,0336;1,2396E-4;7,0000E-4;4,1128E-5;0,0072;1,9192E-5;3,9375E-4;6,4224E-5;0,0011;2,4465E-5;0,0076;9,7559E-6
0,0343;1,2455E-4;0,0010;3,9370E-5;0,0080;2,3464E-5;6,1250E-4;6,7532E-5;0,0016;2,3489E-5;0,0093;1,3625E-5
0,0352;1,2533E-4;0,0014;4,1628E-5;0,0090;2,6138E-5;8,7500E-4;6,7532E-5;0,0022;2,7896E-5;0,0113;1,4797E-5
0,0361;1,2794E-4;0,0016;4,2104E-5;0,0100;3,0056E-5;0,0012;6,6421E-5;0,0030;2,6687E-5;0,0135;2,1890E-5
0,0370;1,3085E-4;0,0018;4,3374E-5;0,0112;3,1533E-5;0,0015;6,4260E-5;0,0039;2,9507E-5;0,0158;2,0913E-5
0,0379;1,3368E-4;0,0020;4,4253E-5;0,0124;3,3389E-5;0,0019;7,0706E-5;0,0051;3,1301E-5;0,0182;2,6162E-5
0,0388;1,3448E-4;0,0024;4,2983E-5;0,0137;3,7942E-5;0,0025;7,0547E-5;0,0064;3,3206E-5;0,0207;3,1130E-5
0,0395;1,3693E-4;0,0029;4,6658E-5;0,0150;3,9907E-5;0,0030;6,6616E-5;0,0078;3,0386E-5;0,0232;3,3364E-5
0,0402;1,3828E-4;0,0036;4,4729E-5;0,0163;4,8599E-5;0,0035;6,8740E-5;0,0093;3,4780E-5;0,0256;3,9517E-5
0,0408;1,4032E-4;0,0044;4,5522E-5;0,0177;5,0833E-5;0,0042;6,8752E-5;0,0108;3,6343E-5;0,0280;4,2629E-5
0,0415;1,4464E-4;0,0053;5,0405E-5;0,0191;5,5020E-5;0,0049;6,8899E-5;0,0124;3,9199E-5;0,0303;4,7134E-5
0,0423;1,4531E-4;0,0063;5,4958E-5;0,0205;6,1367E-5;0,0056;6,9607E-5;0,0141;3,9126E-5;0,0326;5,1101E-5
0,0430;1,4634E-4;0,0074;5,5117E-5;0,0219;6,3040E-5;0,0062;7,4050E-5;0,0158;4,4631E-5;0,0349;5,8572E-5
0,0437;1,4849E-4;0,0084;5,3115E-5;0,0232;6,9546E-5;0,0068;7,4880E-5;0,0176;4,6267E-5;0,0371;5,9597E-5
0,0443;1,5082E-4;0,0094;5,8792E-5;0,0246;7,6406E-5;0,0074;7,0291E-5;0,0196;4,8794E-5;0,0392;6,6091E-5
0,0449;1,5283E-4;0,0104;6,0830E-5;0,0260;7,9800E-5;0,0080;7,3428E-5;0,0216;5,1724E-5;0,0415;7,3464E-5
0,0456;1,5458E-4;0,0115;6,3723E-5;0,0274;8,4463E-5;0,0088;7,5918E-5;0,0237;5,3762E-5;0,0439;7,6187E-5
0,0464;1,5785E-4;0,0126;6,6226E-5;0,0288;8,8345E-5;0,0097;7,4868E-5;0,0258;5,8621E-5;0,0465;8,3999E-5
0,0473;1,5631E-4;0,0137;7,0974E-5;0,0302;9,7231E-5;0,0106;7,4453E-5;0,0278;6,3613E-5;0,0492;9,3557E-5
0,0482;1,6389E-4;0,0149;7,6040E-5;0,0315;1,0230E-4;0,0116;7,7700E-5;0,0296;6,6299E-5;0,0521;1,0231E-4
0,0492;1,6780E-4;0,0161;7,6174E-5;0,0329;1,0856E-4;0,0127;7,9104E-5;0,0314;6,8948E-5;0,0552;1,1231E-4
0,0501;1,7163E-4;0,0172;7,8640E-5;0,0342;1,1308E-4;0,0138;8,3071E-5;0,0329;7,1230E-5;0,0584;1,2306E-4
0,0511;1,7396E-4;0,0184;8,5488E-5;0,0354;1,1928E-4;0,0150;8,2205E-5;0,0346;7,4111E-5;0,0615;1,3397E-4
0,0521;1,7737E-4;0,0195;9,0127E-5;0,0367;1,2832E-4;0,0162;8,5635E-5;0,0362;8,0032E-5;0,0645;1,4910E-4
0,0531;1,7974E-4;0,0206;9,5254E-5;0,0380;1,2962E-4;0,0176;8,4487E-5;0,0379;8,4133E-5;0,0674;1,5937E-4
0,0540;1,8173E-4;0,0217;9,7488E-5;0,0393;1,3686E-4;0,0190;8,8198E-5;0,0396;8,4329E-5;0,0700;1,7271E-4
0,0551;1,8761E-4;0,0228;9,5522E-5;0,0406;1,4011E-4;0,0204;8,9651E-5;0,0414;9,0969E-5;0,0722;1,7880E-4
0,0561;1,8926E-4;0,0237;1,0182E-4;0,0418;1,4885E-4;0,0220;9,3484E-5;0,0434;9,5010E-5;0,0741;1,9198E-4
0,0572;1,9434E-4;0,0245;1,0396E-4;0,0431;1,5569E-4;0,0235;9,2764E-5;0,0453;9,8574E-5;0,0759;2,0006E-4
0,0583;1,9960E-4;0,0253;1,0751E-4;0,0444;1,6316E-4;0,0251;9,7256E-5;0,0472;1,0617E-4;0,0774;2,1096E-4
0,0593;2,0230E-4;0,0261;1,0945E-4;0,0457;1,6704E-4;0,0266;9,7830E-5;0,0490;1,1128E-4;0,0788;2,1896E-4
0,0602;2,0817E-4;0,0270;1,1503E-4;0,0469;1,7667E-4;0,0282;1,0065E-4;0,0506;1,1386E-4;0,0801;2,2473E-4
0,0612;2,1020E-4;0,0279;1,1388E-4;0,0482;1,8511E-4;0,0297;1,0559E-4;0,0521;1,2012E-4;0,0815;2,3354E-4
0,0622;2,1215E-4;0,0287;1,1706E-4;0,0493;1,9318E-4;0,0312;1,0957E-4;0,0534;1,2194E-4;0,0826;2,3789E-4
0,0631;2,1762E-4;0,0297;1,2239E-4;0,0505;2,0084E-4;0,0326;1,1092E-4;0,0546;1,2637E-4;0,0836;2,4232E-4
0,0641;2,2339E-4;0,0306;1,2327E-4;0,0516;2,0674E-4;0,0340;1,1577E-4;0,0557;1,2989E-4;0,0845;2,5169E-4
0,0652;2,3382E-4;0,0314;1,2559E-4;0,0527;2,1332E-4;0,0354;1,1684E-4;0,0568;1,3611E-4;0,0855;2,5834E-4
0,0663;2,3505E-4;0,0322;1,2925E-4;0,0537;2,2389E-4;0,0368;1,2050E-4;0,0580;1,3797E-4;0,0867;2,6541E-4
0,0675;2,3792E-4;0,0329;1,3085E-4;0,0546;2,2592E-4;0,0381;1,2324E-4;0,0593;1,4284E-4;0,0878;2,7343E-4
0,0688;2,3938E-4;0,0336;1,3465E-4;0,0556;2,3594E-4;0,0395;1,2620E-4;0,0608;1,4713E-4;0,0891;2,7876E-4
0,0701;2,5087E-4;0,0343;1,3819E-4;0,0566;2,3906E-4;0,0408;1,3158E-4;0,0623;1,5305E-4;0,0905;2,9159E-4
0,0715;2,5634E-4;0,0350;1,3991E-4;0,0575;2,4734E-4;0,0420;1,3500E-4;0,0640;1,5802E-4;0,0919;3,0500E-4
0,0728;2,5905E-4;0,0357;1,4143E-4;0,0585;2,5614E-4;0,0433;1,3898E-4;0,0656;1,6544E-4;0,0935;3,1306E-4
0,0741;2,6901E-4;0,0364;1,4944E-4;0,0596;2,6369E-4;0,0445;1,4086E-4;0,0672;1,7313E-4;0,0952;3,2731E-4
0,0753;2,7522E-4;0,0371;1,5331E-4;0,0607;2,7141E-4;0,0456;1,4586E-4;0,0688;1,7614E-4;0,0970;3,4564E-4
0,0765;2,8408E-4;0,0378;1,5196E-4;0,0619;2,7993E-4;0,0466;1,4882E-4;0,0701;1,8401E-4;0,0990;3,6111E-4
0,0777;2,8986E-4;0,0385;1,5713E-4;0,0630;2,9048E-4;0,0476;1,4727E-4;0,0712;1,8877E-4;0,1010;3,7829E-4
0,0791;3,0062E-4;0,0394;1,5950E-4;0,0641;2,9629E-4;0,0486;1,5189E-4;0,0721;1,9038E-4;0,1032;3,9759E-4
0,0805;3,0825E-4;0,0402;1,6367E-4;0,0651;3,0644E-4;0,0495;1,5651E-4;0,0729;1,9843E-4;0,1054;4,2294E-4
0,0820;3,1168E-4;0,0411;1,6841E-4;0,0659;3,1559E-4;0,0504;1,5592E-4;0,0735;1,9770E-4;0,1076;4,4267E-4
0,0836;3,2412E-4;0,0421;1,7256E-4;0,0666;3,1927E-4;0,0515;1,5812E-4;0,0741;2,0088E-4;0,1098;4,6890E-4
0,0850;3,3574E-4;0,0431;1,7869E-4;0,0673;3,2602E-4;0,0525;1,6083E-4;0,0748;2,0392E-4;0,1118;4,9112E-4
0,0864;3,4035E-4;0,0443;1,8462E-4;0,0681;3,3244E-4;0,0536;1,6397E-4;0,0755;2,0816E-4;0,1138;5,1934E-4
0,0878;3,5485E-4;0,0455;1,9165E-4;0,0688;3,4042E-4;0,0548;1,6927E-4;0,0763;2,1229E-4;0,1158;5,3825E-4
0,0889;3,6619E-4;0,0466;1,9436E-4;0,0696;3,4944E-4;0,0561;1,7068E-4;0,0775;2,1808E-4;0,1176;5,6358E-4
0,0899;3,6999E-4;0,0478;1,9958E-4;0,0702;3,5553E-4;0,0575;1,7724E-4;0,0789;2,2405E-4;0,1194;5,8588E-4
0,0909;3,7835E-4;0,0490;2,0850E-4;0,0709;3,5987E-4;0,0589;1,8290E-4;0,0805;2,3540E-4;0,1210;6,1209E-4
0,0918;3,8571E-4;0,0504;2,1568E-4;0,0714;3,6905E-4;0,0603;1,9324E-4;0,0821;2,4406E-4;0,1225;6,3422E-4
0,0927;3,9256E-4;0,0517;2,2449E-4;0,0721;3,7090E-4;0,0617;1,9297E-4;0,0839;2,5492E-4;0,1239;6,5508E-4
0,0936;4,0050E-4;0,0532;2,3253E-4;0,0727;3,7931E-4;0,0631;2,0120E-4;0,0856;2,6302E-4;0,1253;6,7765E-4
0,0946;4,0736E-4;0,0546;2,4071E-4;0,0733;3,8830E-4;0,0644;2,0280E-4;0,0874;2,7028E-4;0,1267;6,9975E-4
0,0958;4,2124E-4;0,0560;2,5263E-4;0,0740;3,9372E-4;0,0658;2,0982E-4;0,0892;2,8368E-4;0,1280;7,2279E-4
0,0969;4,2722E-4;0,0573;2,5492E-4;0,0747;3,9993E-4;0,0669;2,1579E-4;0,0909;2,9578E-4;0,1293;7,4319E-4
0,0981;4,3762E-4;0,0585;2,6380E-4;0,0754;4,1104E-4;0,0680;2,1873E-4;0,0925;3,0672E-4;0,1306;7,6634E-4
0,0994;4,4771E-4;0,0598;2,7305E-4;0,0762;4,1701E-4;0,0690;2,2497E-4;0,0941;3,2067E-4;0,1318;7,8657E-4
0,1006;4,6065E-4;0,0610;2,8382E-4;0,0770;4,2597E-4;0,0699;2,2915E-4;0,0956;3,3155E-4;0,1330;8,0771E-4
0,1018;4,6775E-4;0,0621;2,9138E-4;0,0777;4,3600E-4;0,0707;2,3299E-4;0,0969;3,4162E-4;0,1342;8,3065E-4
0,1030;4,8249E-4;0,0631;2,9633E-4;0,0785;4,4461E-4;0,0715;2,3383E-4;0,0982;3,5164E-4;0,1354;8,4994E-4
0,1042;4,9330E-4;0,0640;3,0401E-4;0,0792;4,5119E-4;0,0722;2,3697E-4;0,0995;3,6260E-4;0,1365;8,7405E-4
0,1053;5,0575E-4;0,0649;3,1183E-4;0,0800;4,6015E-4;0,0729;2,4317E-4;0,1008;3,7100E-4;0,1376;8,9522E-4
0,1065;5,1817E-4;0,0658;3,1970E-4;0,0807;4,6737E-4;0,0738;2,4569E-4;0,1019;3,8302E-4;0,1387;9,1709E-4
0,1077;5,3313E-4;0,0667;3,2329E-4;0,0814;4,7791E-4;0,0747;2,5061E-4;0,1029;3,8820E-4;0,1397;9,3600E-4
0,1089;5,4385E-4;0,0675;3,2879E-4;0,0821;4,8549E-4;0,0758;2,5752E-4;0,1039;3,9915E-4;0,1406;9,5326E-4
0,1101;5,5807E-4;0,0682;3,3975E-4;0,0829;4,9729E-4;0,0770;2,6459E-4;0,1049;4,0680E-4;0,1414;9,7057E-4
0,1113;5,7184E-4;0,0688;3,4259E-4;0,0837;5,0739E-4;0,0782;2,6868E-4;0,1060;4,1854E-4;0,1420;9,8273E-4
0,1124;5,8383E-4;0,0694;3,4673E-4;0,0844;5,1856E-4;0,0796;2,7813E-4;0,1073;4,3109E-4;0,1426;9,9385E-4
0,1135;5,9691E-4;0,0699;3,5058E-4;0,0852;5,2736E-4;0,0811;2,8323E-4;0,1088;4,4867E-4;0,1431;0,0010
0,1145;6,0835E-4;0,0704;3,5572E-4;0,0860;5,3964E-4;0,0825;2,9237E-4;0,1104;4,6663E-4;0,1436;0,0010
0,1156;6,2434E-4;0,0708;3,6090E-4;0,0869;5,4651E-4;0,0838;3,0132E-4;0,1120;4,8147E-4;0,1442;0,0010
0,1166;6,3969E-4;0,0710;3,6266E-4;0,0878;5,6262E-4;0,0850;3,0797E-4;0,1138;5,0379E-4;0,1447;0,0010
0,1177;6,5382E-4;0,0712;3,6237E-4;0,0887;5,7788E-4;0,0862;3,1406E-4;0,1154;5,2028E-4;0,1453;0,0011
0,1186;6,6636E-4;0,0713;3,6548E-4;0,0893;5,8980E-4;0,0872;3,2266E-4;0,1171;5,4011E-4;0,1460;0,0011
0,1197;6,7821E-4;0,0714;3,6739E-4;0,0901;5,9896E-4;0,0881;3,2887E-4;0,1188;5,6267E-4;0,1468;0,0011
0,1206;6,9435E-4;0,0717;3,6730E-4;0,0908;6,1164E-4;0,0889;3,3596E-4;0,1206;5,8360E-4;0,1476;0,0011
0,1215;7,0563E-4;0,0721;3,7385E-4;0,0915;6,2343E-4;0,0898;3,4127E-4;0,1223;6,0799E-4;0,1483;0,0011
0,1225;7,2152E-4;0,0727;3,7580E-4;0,0921;6,3184E-4;0,0907;3,4564E-4;0,1240;6,3311E-4;0,1491;0,0011
0,1233;7,3548E-4;0,0732;3,8462E-4;0,0928;6,4608E-4;0,0915;3,5131E-4;0,1257;6,5977E-4;0,1498;0,0011
0,1242;7,4893E-4;0,0740;3,9171E-4;0,0934;6,5711E-4;0,0923;3,5589E-4;0,1274;6,8264E-4;0,1504;0,0012
0,1250;7,6234E-4;0,0749;3,9765E-4;0,0941;6,6509E-4;0,0932;3,6349E-4;0,1289;7,0556E-4;0,1511;0,0012
0,1258;7,7591E-4;0,0759;4,0692E-4;0,0948;6,7681E-4;0,0941;3,7163E-4;0,1302;7,3004E-4;0,1518;0,0012
0,1265;7,8766E-4;0,0769;4,1937E-4;0,0956;6,9042E-4;0,0951;3,7910E-4;0,1315;7,4917E-4;0,1525;0,0012
0,1272;7,9872E-4;0,0780;4,3191E-4;0,0965;7,0713E-4;0,0960;3,8681E-4;0,1326;7,6703E-4;0,1532;0,0012
0,1280;8,1232E-4;0,0791;4,4047E-4;0,0974;7,2270E-4;0,0969;3,9385E-4;0,1336;7,8305E-4;0,1539;0,0012
0,1287;8,2332E-4;0,0803;4,5479E-4;0,0984;7,4165E-4;0,0978;3,9837E-4;0,1344;8,0021E-4;0,1545;0,0013
0,1295;8,3906E-4;0,0815;4,6803E-4;0,0993;7,5907E-4;0,0987;4,0644E-4;0,1352;8,0972E-4;0,1551;0,0013
0,1303;8,5496E-4;0,0827;4,8177E-4;0,1003;7,7816E-4;0,0996;4,1627E-4;0,1358;8,2573E-4;0,1558;0,0013
0,1312;8,7393E-4;0,0838;4,9392E-4;0,1012;7,9761E-4;0,1005;4,2117E-4;0,1365;8,3900E-4;0,1565;0,0013
0,1321;8,8855E-4;0,0850;5,0779E-4;0,1022;8,1585E-4;0,1015;4,3235E-4;0,1370;8,4843E-4;0,1571;0,0013
0,1332;9,1135E-4;0,0860;5,2240E-4;0,1032;8,3638E-4;0,1025;4,4314E-4;0,1376;8,5573E-4;0,1578;0,0013
0,1343;9,3080E-4;0,0869;5,3463E-4;0,1041;8,5381E-4;0,1036;4,5363E-4;0,1382;8,6968E-4;0,1585;0,0013
0,1355;9,5709E-4;0,0877;5,4008E-4;0,1050;8,7888E-4;0,1049;4,6410E-4;0,1387;8,7677E-4;0,1592;0,0014
0,1368;9,8251E-4;0,0884;5,5125E-4;0,1059;8,9300E-4;0,1064;4,8048E-4;0,1392;8,8755E-4;0,1600;0,0014
0,1380;0,0010;0,0891;5,6023E-4;0,1068;9,1536E-4;0,1081;4,9688E-4;0,1395;8,8959E-4;0,1609;0,0014
0,1393;0,0010;0,0898;5,6842E-4;0,1077;9,3632E-4;0,1099;5,1648E-4;0,1398;8,9735E-4;0,1618;0,0014
0,1406;0,0011;0,0904;5,8205E-4;0,1085;9,5843E-4;0,1116;5,3450E-4;0,1402;9,0540E-4;0,1627;0,0014
0,1418;0,0011;0,0911;5,8753E-4;0,1094;9,7997E-4;0,1134;5,5401E-4;0,1405;9,1223E-4;0,1638;0,0015
0,1430;0,0011;0,0917;5,9771E-4;0,1102;9,9788E-4;0,1150;5,7521E-4;0,1410;9,1895E-4;0,1649;0,0015
0,1442;0,0012;0,0922;6,0363E-4;0,1110;0,0010;0,1167;5,9807E-4;0,1414;9,2890E-4;0,1660;0,0015
0,1452;0,0012;0,0927;6,0969E-4;0,1117;0,0010;0,1183;6,1845E-4;0,1420;9,4080E-4;0,1672;0,0015
0,1464;0,0012;0,0932;6,1702E-4;0,1126;0,0011;0,1198;6,3538E-4;0,1426;9,5608E-4;0,1682;0,0015
0,1477;0,0012;0,0937;6,2831E-4;0,1134;0,0011;0,1212;6,5430E-4;0,1433;9,6605E-4;0,1692;0,0016
0,1489;0,0013;0,0941;6,3954E-4;0,1143;0,0011;0,1225;6,7672E-4;0,1439;9,7997E-4;0,1700;0,0016
0,1503;0,0013;0,0948;6,4862E-4;0,1152;0,0011;0,1237;6,9501E-4;0,1444;9,9250E-4;0,1708;0,0016
0,1518;0,0014;0,0955;6,5969E-4;0,1162;0,0012;0,1248;7,0663E-4;0,1449;0,0010;0,1715;0,0016
0,1534;0,0014;0,0964;6,7245E-4;0,1173;0,0012;0,1257;7,2339E-4;0,1453;0,0010;0,1721;0,0016
0,1547;0,0015;0,0973;6,8997E-4;0,1183;0,0012;0,1265;7,3540E-4;0,1457;0,0010;0,1728;0,0016
0,1564;0,0015;0,0983;7,0312E-4;0,1195;0,0012;0,1271;7,4463E-4;0,1461;0,0010;0,1734;0,0016
0,1579;0,0016;0,0993;7,1824E-4;0,1207;0,0013;0,1277;7,5314E-4;0,1465;0,0010;0,1742;0,0016
0,1595;0,0016;0,1002;7,3418E-4;0,1219;0,0013;0,1281;7,6260E-4;0,1470;0,0010;0,1750;0,0017
0,1608;0,0017;0,1012;7,5265E-4;0,1232;0,0014;0,1285;7,6621E-4;0,1474;0,0011;0,1757;0,0017
0,1621;0,0017;0,1022;7,7050E-4;0,1243;0,0014;0,1289;7,7392E-4;0,1479;0,0011;0,1766;0,0017
0,1632;0,0018;0,1030;7,8898E-4;0,1254;0,0014;0,1294;7,8087E-4;0,1485;0,0011;0,1774;0,0017
0,1644;0,0018;0,1039;8,0163E-4;0,1264;0,0015;0,1300;7,9480E-4;0,1492;0,0011;0,1781;0,0017
0,1654;0,0018;0,1047;8,1992E-4;0,1274;0,0015;0,1306;8,0377E-4;0,1498;0,0011;0,1788;0,0017
0,1666;0,0019;0,1056;8,3854E-4;0,1285;0,0015;0,1313;8,1292E-4;0,1505;0,0011;0,1795;0,0017
0,1678;0,0019;0,1066;8,5955E-4;0,1295;0,0016;0,1321;8,2801E-4;0,1512;0,0011;0,1802;0,0017
0,1691;0,0020;0,1076;8,7899E-4;0,1304;0,0016;0,1330;8,4193E-4;0,1519;0,0012;0,1808;0,0017
0,1703;0,0020;0,1086;8,9572E-4;0,1312;0,0016;0,1340;8,6055E-4;0,1526;0,0012;0,1813;0,0017
0,1715;0,0021;0,1096;9,2211E-4;0,1320;0,0017;0,1351;8,8008E-4;0,1532;0,0012;0,1819;0,0017
0,1727;0,0021;0,1106;9,4171E-4;0,1328;0,0017;0,1362;9,0092E-4;0,1537;0,0012;0,1824;0,0017
0,1738;0,0022;0,1116;9,6103E-4;0,1335;0,0017;0,1374;9,2272E-4;0,1542;0,0012;0,1830;0,0017
0,1749;0,0022;0,1124;9,8424E-4;0,1343;0,0018;0,1384;9,4284E-4;0,1547;0,0012;0,1836;0,0017
0,1759;0,0023;0,1133;0,0010;0,1351;0,0018;0,1395;9,6237E-4;0,1551;0,0012;0,1841;0,0017
0,1768;0,0023;0,1140;0,0010;0,1359;0,0018;0,1405;9,8125E-4;0,1554;0,0012;0,1847;0,0018
0,1777;0,0023;0,1146;0,0010;0,1368;0,0018;0,1415;0,0010;0,1558;0,0012;0,1853;0,0018
0,1785;0,0024;0,1151;0,0010;0,1378;0,0019;0,1425;0,0010;0,1562;0,0012;0,1860;0,0018
0,1794;0,0024;0,1155;0,0011;0,1388;0,0019;0,1434;0,0010;0,1567;0,0013;0,1869;0,0018
0,1803;0,0025;0,1159;0,0011;0,1397;0,0020;0,1441;0,0011;0,1572;0,0013;0,1878;0,0018
0,1812;0,0025;0,1162;0,0011;0,1406;0,0020;0,1448;0,0011;0,1577;0,0013;0,1888;0,0018
0,1821;0,0025;0,1166;0,0011;0,1415;0,0020;0,1453;0,0011;0,1583;0,0013;0,1899;0,0018
0,1831;0,0026;0,1169;0,0011;0,1424;0,0021;0,1458;0,0011;0,1590;0,0013;0,1911;0,0018
0,1841;0,0026;0,1174;0,0011;0,1432;0,0021;0,1463;0,0011;0,1597;0,0013;0,1923;0,0018
0,1850;0,0027;0,1180;0,0011;0,1439;0,0021;0,1467;0,0011;0,1605;0,0013;0,1935;0,0018
0,1860;0,0027;0,1185;0,0011;0,1446;0,0022;0,1472;0,0011;0,1613;0,0014;0,1947;0,0017
0,1869;0,0028;0,1192;0,0012;0,1452;0,0022;0,1477;0,0011;0,1621;0,0014;0,1958;0,0017
0,1879;0,0028;0,1200;0,0012;0,1458;0,0022;0,1481;0,0011;0,1629;0,0014;0,1968;0,0017
0,1889;0,0028;0,1208;0,0012;0,1463;0,0022;0,1486;0,0012;0,1636;0,0014;0,1977;0,0017
0,1898;0,0029;0,1217;0,0012;0,1469;0,0023;0,1490;0,0012;0,1644;0,0014;0,1986;0,0017
0,1907;0,0029;0,1226;0,0013;0,1475;0,0023;0,1495;0,0012;0,1651;0,0014;0,1996;0,0017
0,1916;0,0030;0,1235;0,0013;0,1481;0,0023;0,1500;0,0012;0,1659;0,0015;0,2005;0,0017
0,1925;0,0030;0,1243;0,0013;0,1488;0,0023;0,1505;0,0012;0,1666;0,0015;0,2015;0,0017
0,1934;0,0030;0,1251;0,0013;0,1495;0,0024;0,1511;0,0012;0,1673;0,0015;0,2024;0,0017
0,1943;0,0031;0,1259;0,0013;0,1504;0,0024;0,1516;0,0012;0,1681;0,0015;0,2034;0,0017
0,1952;0,0031;0,1268;0,0014;0,1512;0,0025;0,1521;0,0012;0,1689;0,0015;0,2044;0,0016
0,1960;0,0031;0,1277;0,0014;0,1520;0,0025;0,1526;0,0012;0,1696;0,0015;0,2054;0,0016
0,1968;0,0032;0,1285;0,0014;0,1529;0,0025;0,1530;0,0013;0,1703;0,0015;0,2064;0,0016
0,1977;0,0032;0,1293;0,0015;0,1537;0,0026;0,1536;0,0013;0,1710;0,0016;0,2074;0,0016
0,1985;0,0032;0,1301;0,0015;0,1546;0,0026;0,1541;0,0013;0,1717;0,0016;0,2084;0,0016
0,1994;0,0033;0,1308;0,0015;0,1555;0,0026;0,1548;0,0013;0,1722;0,0016;0,2094;0,0016
0,2002;0,0033;0,1315;0,0015;0,1563;0,0027;0,1555;0,0013;0,1727;0,0016;0,2104;0,0015
0,2009;0,0033;0,1321;0,0015;0,1570;0,0027;0,1562;0,0013;0,1732;0,0016;0,2114;0,0015
0,2017;0,0033;0,1326;0,0016;0,1578;0,0027;0,1568;0,0013;0,1738;0,0016;0,2126;0,0015
0,2025;0,0034;0,1330;0,0016;0,1585;0,0028;0,1575;0,0014;0,1743;0,0016;0,2138;0,0015
0,2033;0,0034;0,1335;0,0016;0,1592;0,0028;0,1581;0,0014;0,1749;0,0016;0,2150;0,0014
0,2041;0,0034;0,1339;0,0016;0,1599;0,0028;0,1587;0,0014;0,1755;0,0016;0,2164;0,0014
0,2048;0,0034;0,1343;0,0016;0,1606;0,0029;0,1594;0,0014;0,1760;0,0016;0,2178;0,0014
0,2056;0,0035;0,1346;0,0016;0,1613;0,0029;0,1601;0,0014;0,1767;0,0017;0,2192;0,0014
0,2063;0,0035;0,1349;0,0016;0,1618;0,0029;0,1607;0,0014;0,1772;0,0017;0,2205;0,0013
0,2071;0,0035;0,1352;0,0017;0,1624;0,0029;0,1614;0,0014;0,1778;0,0017;0,2218;0,0013
0,2078;0,0035;0,1355;0,0017;0,1631;0,0030;0,1621;0,0015;0,1784;0,0017;0,2231;0,0013
0,2086;0,0035;0,1358;0,0017;0,1638;0,0030;0,1629;0,0015;0,1791;0,0017;0,2244;0,0012
0,2093;0,0035;0,1362;0,0017;0,1645;0,0030;0,1637;0,0015;0,1798;0,0017;0,2257;0,0012
0,2101;0,0036;0,1365;0,0017;0,1652;0,0030;0,1645;0,0015;0,1806;0,0017;0,2269;0,0012
0,2110;0,0036;0,1368;0,0017;0,1660;0,0031;0,1654;0,0015;0,1813;0,0017;0,2280;0,0012
0,2118;0,0036;0,1371;0,0017;0,1667;0,0031;0,1662;0,0015;0,1821;0,0017;0,2290;0,0011
0,2127;0,0036;0,1375;0,0017;0,1674;0,0031;0,1670;0,0016;0,1828;0,0017;0,2299;0,0011
0,2135;0,0036;0,1379;0,0018;0,1680;0,0031;0,1679;0,0016;0,1836;0,0017;0,2308;0,0011
0,2145;0,0036;0,1382;0,0018;0,1686;0,0032;0,1688;0,0016;0,1843;0,0018;0,2317;0,0011
0,2153;0,0036;0,1386;0,0018;0,1691;0,0032;0,1696;0,0016;0,1850;0,0018;0,2327;0,0011
0,2162;0,0036;0,1389;0,0018;0,1697;0,0032;0,1704;0,0016;0,1856;0,0018;0,2337;0,0010
0,2171;0,0036;0,1392;0,0018;0,1702;0,0032;0,1710;0,0016;0,1863;0,0018;0,2346;0,0010
0,2180;0,0036;0,1396;0,0018;0,1708;0,0032;0,1715;0,0016;0,1869;0,0018;0,2355;0,0010
0,2188;0,0036;0,1400;0,0018;0,1714;0,0033;0,1721;0,0017;0,1876;0,0018;0,2364;9,8666E-4
0,2196;0,0036;0,1404;0,0019;0,1721;0,0033;0,1726;0,0017;0,1884;0,0018;0,2373;9,7000E-4
0,2205;0,0036;0,1409;0,0019;0,1731;0,0033;0,1732;0,0017;0,1893;0,0018;0,2380;9,5362E-4
0,2215;0,0036;0,1414;0,0019;0,1741;0,0033;0,1738;0,0017;0,1902;0,0018;0,2387;9,3747E-4
0,2226;0,0036;0,1417;0,0019;0,1753;0,0034;0,1744;0,0017;0,1913;0,0018;0,2392;9,2774E-4
0,2237;0,0036;0,1420;0,0019;0,1764;0,0034;0,1751;0,0017;0,1925;0,0018;0,2397;9,1662E-4
0,2250;0,0036;0,1422;0,0019;0,1774;0,0034;0,1759;0,0017;0,1937;0,0018;0,2402;9,0679E-4
0,2262;0,0036;0,1425;0,0019;0,1783;0,0034;0,1767;0,0017;0,1950;0,0018;0,2408;8,9601E-4
0,2275;0,0036;0,1428;0,0019;0,1791;0,0034;0,1776;0,0017;0,1962;0,0018;0,2415;8,8495E-4
0,2287;0,0035;0,1431;0,0020;0,1797;0,0035;0,1786;0,0017;0,1975;0,0018;0,2424;8,6765E-4
0,2299;0,0035;0,1435;0,0020;0,1802;0,0035;0,1795;0,0018;0,1987;0,0018;0,2434;8,4625E-4
0,2310;0,0035;0,1439;0,0020;0,1808;0,0035;0,1803;0,0018;0,1999;0,0018;0,2445;8,2719E-4
0,2321;0,0035;0,1442;0,0020;0,1812;0,0035;0,1811;0,0018;0,2011;0,0017;0,2457;8,0709E-4
0,2332;0,0034;0,1445;0,0020;0,1816;0,0035;0,1819;0,0018;0,2023;0,0017;0,2470;7,8173E-4
0,2344;0,0034;0,1447;0,0020;0,1820;0,0035;0,1826;0,0018;0,2034;0,0017;0,2482;7,6039E-4
0,2355;0,0034;0,1450;0,0020;0,1823;0,0035;0,1832;0,0018;0,2046;0,0017;0,2494;7,3992E-4
0,2367;0,0033;0,1452;0,0020;0,1827;0,0035;0,1838;0,0018;0,2057;0,0017;0,2506;7,2038E-4
0,2379;0,0033;0,1455;0,0021;0,1830;0,0035;0,1844;0,0018;0,2067;0,0017;0,2517;7,0021E-4
0,2391;0,0032;0,1458;0,0021;0,1831;0,0035;0,1850;0,0018;0,2078;0,0017;0,2528;6,8748E-4
0,2404;0,0032;0,1461;0,0021;0,1834;0,0035;0,1856;0,0018;0,2088;0,0017;0,2538;6,6858E-4
0,2418;0,0032;0,1463;0,0021;0,1837;0,0035;0,1862;0,0018;0,2099;0,0016;0,2549;6,5218E-4
0,2432;0,0031;0,1466;0,0021;0,1841;0,0035;0,1868;0,0018;0,2109;0,0016;0,2561;6,3399E-4
0,2445;0,0030;0,1470;0,0021;0,1846;0,0035;0,1875;0,0018;0,2119;0,0016;0,2572;6,1967E-4
0,2458;0,0030;0,1473;0,0021;0,1852;0,0035;0,1882;0,0018;0,2128;0,0016;0,2582;6,0310E-4
0,2471;0,0029;0,1475;0,0021;0,1859;0,0035;0,1890;0,0018;0,2137;0,0016;0,2593;5,8822E-4
0,2484;0,0029;0,1477;0,0021;0,1866;0,0035;0,1900;0,0018;0,2146;0,0016;0,2605;5,6944E-4
0,2496;0,0028;0,1478;0,0022;0,1873;0,0035;0,1911;0,0018;0,2155;0,0015;0,2617;5,5337E-4
0,2508;0,0028;0,1479;0,0022;0,1880;0,0035;0,1922;0,0018;0,2163;0,0015;0,2629;5,3734E-4
0,2519;0,0027;0,1480;0,0022;0,1887;0,0035;0,1934;0,0018;0,2171;0,0015;0,2642;5,2163E-4
0,2530;0,0027;0,1483;0,0022;0,1894;0,0035;0,1946;0,0018;0,2179;0,0015;0,2656;5,0581E-4
0,2540;0,0026;0,1486;0,0022;0,1901;0,0035;0,1958;0,0018;0,2185;0,0015;0,2669;4,9099E-4
0,2549;0,0026;0,1491;0,0022;0,1909;0,0035;0,1970;0,0018;0,2192;0,0015;0,2683;4,7040E-4
0,2558;0,0026;0,1495;0,0022;0,1918;0,0035;0,1982;0,0018;0,2199;0,0014;0,2698;4,5407E-4
0,2566;0,0025;0,1499;0,0022;0,1925;0,0035;0,1994;0,0018;0,2206;0,0014;0,2714;4,4018E-4
0,2575;0,0025;0,1504;0,0023;0,1932;0,0035;0,2005;0,0018;0,2213;0,0014;0,2730;4,2077E-4
0,2584;0,0025;0,1508;0,0023;0,1940;0,0035;0,2015;0,0018;0,2220;0,0014;0,2747;4,0542E-4
0,2593;0,0024;0,1512;0,0023;0,1948;0,0035;0,2026;0,0018;0,2226;0,0014;0,2765;3,8570E-4
0,2602;0,0024;0,1515;0,0023;0,1956;0,0034;0,2037;0,0017;0,2233;0,0014;0,2783;3,6970E-4
0,2612;0,0023;0,1518;0,0023;0,1963;0,0034;0,2048;0,0017;0,2240;0,0014;0,2801;3,5088E-4
0,2621;0,0023;0,1520;0,0023;0,1971;0,0034;0,2059;0,0017;0,2246;0,0013;0,2817;3,3811E-4
0,2629;0,0023;0,1522;0,0023;0,1979;0,0034;0,2069;0,0017;0,2252;0,0013;0,2834;3,2223E-4
0,2637;0,0022;0,1524;0,0024;0,1987;0,0034;0,2081;0,0017;0,2259;0,0013;0,2849;3,1024E-4
0,2645;0,0022;0,1526;0,0024;0,1996;0,0034;0,2094;0,0017;0,2267;0,0013;0,2865;2,9920E-4
0,2653;0,0022;0,1528;0,0024;0,2004;0,0033;0,2107;0,0016;0,2275;0,0013;0,2881;2,8601E-4
0,2660;0,0021;0,1530;0,0024;0,2013;0,0033;0,2120;0,0016;0,2283;0,0013;0,2898;2,7411E-4
0,2668;0,0021;0,1534;0,0024;0,2024;0,0033;0,2132;0,0016;0,2292;0,0012;0,2915;2,5993E-4
0,2677;0,0021;0,1537;0,0024;0,2034;0,0033;0,2145;0,0016;0,2300;0,0012;0,2933;2,5125E-4
0,2687;0,0020;0,1540;0,0024;0,2044;0,0032;0,2159;0,0015;0,2310;0,0012;0,2951;2,3893E-4
0,2696;0,0020;0,1544;0,0024;0,2056;0,0032;0,2172;0,0015;0,2318;0,0012;0,2969;2,2682E-4
0,2707;0,0019;0,1548;0,0025;0,2068;0,0032;0,2184;0,0015;0,2327;0,0012;0,2987;2,1276E-4
0,2717;0,0019;0,1552;0,0025;0,2081;0,0031;0,2195;0,0015;0,2334;0,0012;0,3004;2,0388E-4
0,2728;0,0019;0,1556;0,0025;0,2094;0,0031;0,2205;0,0014;0,2341;0,0011;0,3020;1,9552E-4
0,2738;0,0018;0,1559;0,0025;0,2107;0,0030;0,2215;0,0014;0,2348;0,0011;0,3037;1,8775E-4
0,2749;0,0018;0,1562;0,0025;0,2117;0,0030;0,2226;0,0014;0,2354;0,0011;0,3052;1,8039E-4
0,2759;0,0017;0,1564;0,0025;0,2128;0,0029;0,2236;0,0014;0,2361;0,0011;0,3067;1,7522E-4
0,2770;0,0017;0,1566;0,0025;0,2138;0,0029;0,2246;0,0013;0,2367;0,0011;0,3081;1,6656E-4
0,2781;0,0017;0,1569;0,0025;0,2146;0,0029;0,2256;0,0013;0,2373;0,0011;0,3094;1,5978E-4
0,2792;0,0016;0,1571;0,0026;0,2154;0,0028;0,2266;0,0013;0,2379;0,0011;0,3106;1,5432E-4
0,2802;0,0016;0,1575;0,0026;0,2162;0,0028;0,2277;0,0013;0,2383;0,0010;0,3117;1,4680E-4
0,2812;0,0016;0,1579;0,0026;0,2168;0,0028;0,2289;0,0012;0,2389;0,0010;0,3128;1,4231E-4
0,2821;0,0015;0,1583;0,0026;0,2174;0,0027;0,2300;0,0012;0,2394;0,0010;0,3138;1,3870E-4
0,2829;0,0015;0,1588;0,0026;0,2180;0,0027;0,2311;0,0012;0,2401;0,0010;0,3147;1,3985E-4
0,2837;0,0015;0,1592;0,0027;0,2184;0,0027;0,2320;0,0012;0,2408;9,9149E-4;0,3156;1,3134E-4
0,2844;0,0015;0,1596;0,0027;0,2188;0,0027;0,2328;0,0012;0,2415;9,7792E-4;0,3165;1,3124E-4
0,2849;0,0014;0,1599;0,0027;0,2192;0,0027;0,2336;0,0011;0,2420;9,6431E-4;0,3175;1,2616E-4
0,2855;0,0014;0,1604;0,0027;0,2196;0,0026;0,2344;0,0011;0,2425;9,5744E-4;0,3185;1,2216E-4
0,2862;0,0014;0,1608;0,0027;0,2200;0,0026;0,2351;0,0011;0,2431;9,4517E-4;0,3195;1,1784E-4
0,2868;0,0014;0,1612;0,0027;0,2205;0,0026;0,2358;0,0011;0,2436;9,3596E-4;0,3204;1,1684E-4
0,2875;0,0014;0,1616;0,0028;0,2210;0,0026;0,2366;0,0011;0,2443;9,2108E-4;0,3214;1,1137E-4
0,2882;0,0013;0,1620;0,0028;0,2215;0,0026;0,2374;0,0011;0,2451;9,0821E-4;0,3224;1,0735E-4
0,2889;0,0013;0,1623;0,0028;0,2221;0,0025;0,2383;0,0010;0,2460;8,8933E-4;0,3234;1,0305E-4
0,2897;0,0013;0,1627;0,0028;0,2226;0,0025;0,2392;0,0010;0,2468;8,7438E-4;0,3245;9,8721E-5
0,2904;0,0013;0,1631;0,0028;0,2230;0,0025;0,2399;0,0010;0,2478;8,5905E-4;0,3256;9,0859E-5
0,2911;0,0013;0,1635;0,0028;0,2236;0,0025;0,2405;0,0010;0,2487;8,3909E-4;0,3268;9,3228E-5
0,2918;0,0012;0,1639;0,0029;0,2241;0,0024;0,2411;9,9047E-4;0,2498;8,1919E-4;0,3279;8,8235E-5
0,2925;0,0012;0,1642;0,0029;0,2246;0,0024;0,2417;9,7783E-4;0,2509;8,0019E-4;0,3291;8,4048E-5
0,2931;0,0012;0,1645;0,0029;0,2251;0,0024;0,2422;9,6316E-4;0,2520;7,8051E-4;0,3303;8,0813E-5
0,2938;0,0012;0,1648;0,0029;0,2257;0,0024;0,2428;9,5218E-4;0,2530;7,6376E-4;0,3315;7,6846E-5
0,2946;0,0012;0,1651;0,0029;0,2263;0,0024;0,2435;9,3979E-4;0,2541;7,4313E-4;0,3326;7,8860E-5
0,2955;0,0011;0,1654;0,0029;0,2268;0,0023;0,2442;9,2702E-4;0,2551;7,2826E-4;0,3336;7,2244E-5
0,2964;0,0011;0,1657;0,0029;0,2274;0,0023;0,2451;9,0641E-4;0,2559;7,1623E-4;0,3348;6,7715E-5
0,2973;0,0011;0,1659;0,0029;0,2278;0,0023;0,2461;8,8812E-4;0,2567;7,0503E-4;0,3361;6,7117E-5
0,2982;0,0011;0,1663;0,0030;0,2282;0,0023;0,2472;8,6922E-4;0,2575;6,9126E-4;0,3376;6,1733E-5
0,2992;0,0010;0,1666;0,0030;0,2285;0,0023;0,2484;8,4818E-4;0,2583;6,7808E-4;0,3391;5,6021E-5
0,3002;0,0010;0,1669;0,0030;0,2288;0,0022;0,2497;8,2664E-4;0,2590;6,6610E-4;0,3406;5,6082E-5
0,3012;0,0010;0,1673;0,0030;0,2291;0,0022;0,2509;8,0264E-4;0,2599;6,5486E-4;0,3419;5,1296E-5
0,3022;9,7991E-4;0,1676;0,0030;0,2295;0,0022;0,2523;7,8169E-4;0,2607;6,4109E-4;0,3431;4,7451E-5
0,3033;9,5757E-4;0,1679;0,0030;0,2298;0,0022;0,2535;7,5878E-4;0,2616;6,2917E-4;0,3443;4,5937E-5
0,3043;9,3881E-4;0,1682;0,0030;0,2302;0,0022;0,2548;7,3789E-4;0,2624;6,1742E-4;0,3454;4,2996E-5
0,3053;9,1675E-4;0,1686;0,0030;0,2307;0,0022;0,2562;7,1125E-4;0,2632;6,0916E-4;0,3465;4,0664E-5
0,3062;8,9895E-4;0,1690;0,0031;0,2313;0,0021;0,2577;6,9519E-4;0,2641;5,9528E-4;0,3477;3,7942E-5
0,3072;8,7860E-4;0,1694;0,0031;0,2319;0,0021;0,2592;6,7503E-4;0,2650;5,8385E-4;0,3488;3,5098E-5
0,3081;8,6095E-4;0,1698;0,0031;0,2325;0,0021;0,2605;6,5656E-4;0,2660;5,7049E-4;0,3499;3,4072E-5
0,3090;8,4411E-4;0,1701;0,0031;0,2331;0,0021;0,2617;6,3778E-4;0,2670;5,5310E-4;0,3509;2,8506E-5
0,3100;8,2716E-4;0,1705;0,0031;0,2338;0,0020;0,2628;6,2556E-4;0,2681;5,3786E-4;0,3521;3,0068E-5
0,3110;8,0948E-4;0,1708;0,0031;0,2345;0,0020;0,2639;6,0683E-4;0,2692;5,2738E-4;0,3534;2,4746E-5
0,3121;7,8526E-4;0,1711;0,0031;0,2353;0,0020;0,2650;5,9507E-4;0,2702;5,1648E-4;0,3547;2,3660E-5
0,3133;7,6999E-4;0,1713;0,0031;0,2360;0,0019;0,2660;5,7840E-4;0,2712;5,0189E-4;0,3560;2,1475E-5
0,3145;7,4719E-4;0,1715;0,0032;0,2366;0,0019;0,2670;5,7219E-4;0,2722;4,9435E-4;0,3573;2,1475E-5
0,3158;7,2876E-4;0,1718;0,0032;0,2373;0,0019;0,2677;5,6193E-4;0,2732;4,8469E-4;0,3585;1,8350E-5
0,3171;7,0745E-4;0,1722;0,0032;0,2378;0,0019;0,2684;5,5192E-4;0,2742;4,6804E-4;0,3596;1,7275E-5
0,3184;6,8661E-4;0,1726;0,0032;0,2383;0,0018;0,2691;5,4459E-4;0,2753;4,5764E-4;0,3608;1,4260E-5
0,3197;6,6652E-4;0,1730;0,0032;0,2390;0,0018;0,2699;5,3582E-4;0,2763;4,4956E-4;0,3621;1,2173E-5
0,3209;6,5064E-4;0,1734;0,0032;0,2396;0,0018;0,2708;5,2324E-4;0,2774;4,3576E-4;0,3633;8,3154E-6
0,3222;6,3395E-4;0,1739;0,0032;0,2401;0,0018;0,2719;5,1382E-4;0,2785;4,2409E-4;0,3645;7,9980E-6
0,3233;6,1706E-4;0,1743;0,0032;0,2407;0,0017;0,2730;4,9802E-4;0,2797;4,1388E-4;0,3657;5,6787E-6
0,3244;6,0182E-4;0,1746;0,0033;0,2412;0,0017;0,2742;4,8781E-4;0,2809;4,0023E-4;0,3669;5,7153E-6
0,3255;5,8704E-4;0,1750;0,0033;0,2416;0,0017;0,2755;4,7493E-4;0,2821;3,8903E-4;0,3682;4,7388E-6
0,3266;5,7653E-4;0,1754;0,0033;0,2421;0,0017;0,2769;4,6231E-4;0,2835;3,7965E-4;0,3696;4,4214E-6
0,3278;5,6031E-4;0,1758;0,0033;0,2425;0,0017;0,2783;4,4634E-4;0,2849;3,6394E-4;0,3711;-2,9053E-7
0,3290;5,4704E-4;0,1762;0,0033;0,2429;0,0017;0,2797;4,3072E-4;0,2863;3,4951E-4;0,3725;1,0010E-7
0,3301;5,3001E-4;0,1766;0,0033;0,2433;0,0016;0,2811;4,2117E-4;0,2876;3,3855E-4;0,3740;-3,0737E-6
0,3313;5,1873E-4;0,1770;0,0033;0,2437;0,0016;0,2824;4,0806E-4;0,2888;3,3090E-4;0,3754;-5,6372E-6
0,3324;5,0552E-4;0,1774;0,0033;0,2441;0,0016;0,2837;3,9403E-4;0,2901;3,2252E-4;0,3769;-7,7246E-6
0,3335;4,9698E-4;0,1778;0,0034;0,2445;0,0016;0,2850;3,8507E-4;0,2913;3,1269E-4;0,3782;-9,9097E-6
0,3346;4,8531E-4;0,1783;0,0034;0,2450;0,0016;0,2862;3,7971E-4;0,2926;3,0530E-4;0,3796;-1,0032E-5
0,3358;4,7093E-4;0,1788;0,0034;0,2454;0,0016;0,2874;3,6933E-4;0,2939;2,9276E-4;0,3809;-1,0459E-5
0,3369;4,5941E-4;0,1793;0,0034;0,2459;0,0016;0,2886;3,5648E-4;0,2952;2,8405E-4;0,3823;-1,2009E-5
0,3379;4,5058E-4;0,1799;0,0034;0,2464;0,0015;0,2898;3,4535E-4;0,2965;2,7675E-4;0,3836;-1,4451E-5
0,3389;4,3974E-4;0,1805;0,0034;0,2470;0,0015;0,2909;3,3963E-4;0,2978;2,6850E-4;0,3850;-1,5732E-5
0,3399;4,3286E-4;0,1811;0,0034;0,2476;0,0015;0,2920;3,3129E-4;0,2990;2,6151E-4;0,3864;-1,9224E-5
0,3411;4,1856E-4;0,1817;0,0035;0,2482;0,0015;0,2932;3,2606E-4;0,3003;2,5208E-4;0,3878;-2,2202E-5
0,3423;4,0897E-4;0,1823;0,0035;0,2489;0,0015;0,2944;3,1450E-4;0,3017;2,4190E-4;0,3892;-2,2178E-5
0,3434;3,9959E-4;0,1828;0,0035;0,2496;0,0014;0,2957;3,0774E-4;0,3030;2,3721E-4;0,3906;-2,2581E-5
0,3446;3,8957E-4;0,1832;0,0035;0,2503;0,0014;0,2970;2,9729E-4;0,3043;2,2825E-4;0,3920;-2,2617E-5
0,3457;3,8125E-4;0,1837;0,0035;0,2509;0,0014;0,2983;2,9403E-4;0,3055;2,2188E-4;0,3934;-2,2983E-5
0,3467;3,7461E-4;0,1841;0,0035;0,2515;0,0014;0,2996;2,8390E-4;0,3068;2,1385E-4;0,3946;-2,3984E-5
0,3476;3,6492E-4;0,1844;0,0035;0,2521;0,0013;0,3010;2,7570E-4;0,3080;2,0738E-4;0,3957;-2,5461E-5
0,3485;3,5757E-4;0,1848;0,0035;0,2527;0,0013;0,3023;2,6457E-4;0,3092;2,0592E-4;0,3966;-2,7305E-5
0,3492;3,5556E-4;0,1852;0,0035;0,2534;0,0013;0,3036;2,6258E-4;0,3104;2,0067E-4;0,3974;-2,8745E-5
0,3499;3,4810E-4;0,1857;0,0035;0,2541;0,0013;0,3048;2,5286E-4;0,3115;1,9279E-4;0,3981;-3,0503E-5
0,3505;3,4370E-4;0,1862;0,0035;0,2547;0,0013;0,3060;2,4774E-4;0,3125;1,8750E-4;0,3988;-2,9075E-5
0,3513;3,3937E-4;0,1868;0,0035;0,2554;0,0012;0,3071;2,4103E-4;0,3136;1,8118E-4;0,3994;-3,2163E-5
0,3520;3,3435E-4;0,1873;0,0035;0,2561;0,0012;0,3081;2,3584E-4;0,3145;1,7829E-4;0,3999;-3,0955E-5
0,3528;3,3120E-4;0,1879;0,0035;0,2568;0,0012;0,3091;2,3368E-4;0,3155;1,7329E-4;0,4004;-3,5032E-5
0,3536;3,2581E-4;0,1886;0,0035;0,2576;0,0012;0,3100;2,3024E-4;0,3164;1,6581E-4;0,4009;-3,2261E-5
0,3543;3,1703E-4;0,1893;0,0036;0,2584;0,0012;0,3109;2,2155E-4;0,3173;1,6647E-4;0,4013;-3,3066E-5
0,3549;3,1095E-4;0,1901;0,0036;0,2594;0,0011;0,3118;2,2144E-4;0,3181;1,6311E-4;0,4017;-2,8586E-5
0,3556;3,0607E-4;0,1910;0,0036;0,2604;0,0011;0,3127;2,1527E-4;0,3189;1,5718E-4;0,4018;-3,2151E-5
0,3563;3,0464E-4;0,1919;0,0036;0,2614;0,0011;0,3136;2,1275E-4;0,3196;1,5600E-4;0,4019;-3,4336E-5
0,3570;2,9964E-4;0,1928;0,0036;0,2623;0,0010;0,3146;2,0498E-4;0,3203;1,5388E-4;0,4019;-3,2114E-5
0,3579;2,9391E-4;0,1938;0,0036;0,2632;0,0010;0,3156;2,0242E-4;0,3210;1,5055E-4;0,4019;-3,1650E-5
0,3589;2,9125E-4;0,1948;0,0036;0,2640;0,0010;0,3166;1,9538E-4;0,3218;1,4657E-4;0,4018;-3,1235E-5
0,3600;2,8534E-4;0,1956;0,0035;0,2648;9,8201E-4;0,3176;1,9119E-4;0,3226;1,4158E-4;0,4017;-2,8464E-5
0,3612;2,7702E-4;0,1966;0,0035;0,2654;9,6594E-4;0,3186;1,8915E-4;0,3234;1,4204E-4;0,4017;-3,3567E-5
0,3625;2,6950E-4;0,1974;0,0035;0,2660;9,5502E-4;0,3198;1,8693E-4;0,3243;1,3843E-4;0,4017;-3,3262E-5
0,3638;2,6516E-4;0,1982;0,0035;0,2666;9,3880E-4;0,3209;1,7866E-4;0,3252;1,3507E-4;0,4017;-3,0723E-5
0,3651;2,5453E-4;0,1990;0,0035;0,2671;9,2482E-4;0,3220;1,7743E-4;0,3262;1,3152E-4;0,4017;-3,2786E-5
0,3663;2,4698E-4;0,1998;0,0035;0,2678;9,1125E-4;0,3230;1,7089E-4;0,3272;1,2953E-4;0,4017;-3,0308E-5
0,3675;2,4258E-4;0,2005;0,0035;0,2685;8,9704E-4;0,3241;1,7034E-4;0,3285;1,2385E-4;0,4017;-2,9465E-5
0,3685;2,3886E-4;0,2011;0,0035;0,2692;8,7697E-4;0,3251;1,6646E-4;0,3298;1,1782E-4;0,4017;-3,3909E-5
0,3696;2,3345E-4;0,2017;0,0035;0,2702;8,6090E-4;0,3262;1,6410E-4;0,3311;1,1845E-4;0,4017;-3,1467E-5
0,3707;2,2666E-4;0,2023;0,0034;0,2711;8,3543E-4;0,3270;1,6500E-4;0,3325;1,1060E-4;0,4017;-2,9209E-5
0,3718;2,2212E-4;0,2029;0,0034;0,2722;8,1743E-4;0,3278;1,5686E-4;0,3338;1,0756E-4;0,4017;-3,4189E-5
0,3729;2,1591E-4;0,2034;0,0034;0,2733;7,9127E-4;0,3285;1,5313E-4;0,3349;1,0241E-4;0,4017;-2,9404E-5
0,3740;2,1088E-4;0,2040;0,0034;0,2745;7,6988E-4;0,3292;1,5069E-4;0,3360;9,9221E-5;0,4017;-2,9832E-5
0,3751;2,1018E-4;0,2045;0,0034;0,2757;7,4516E-4;0,3300;1,5357E-4;0,3372;9,7024E-5;0,4017;-3,2200E-5
0,3762;2,0343E-4;0,2050;0,0034;0,2769;7,2176E-4;0,3307;1,4928E-4;0,3384;9,3728E-5;0,4017;-2,8770E-5
0,3774;2,0121E-4;0,2055;0,0034;0,2780;7,0294E-4;0,3315;1,4623E-4;0,3396;9,1250E-5;0,4017;-3,3225E-5
0,3785;1,9821E-4;0,2061;0,0034;0,2790;6,8384E-4;0,3323;1,4546E-4;0,3407;9,0518E-5;0,4017;-3,2065E-5
0,3796;1,8987E-4;0,2067;0,0033;0,2800;6,6570E-4;0,3332;1,4494E-4;0,3419;8,6489E-5;0,4017;-3,3640E-5
0,3808;1,8704E-4;0,2073;0,0033;0,2808;6,5329E-4;0,3341;1,3860E-4;0,3430;8,4890E-5;0,4017;-3,1626E-5
0,3820;1,8021E-4;0,2079;0,0033;0,2816;6,3644E-4;0,3350;1,3493E-4;0,3441;8,0105E-5;0,4017;-3,1528E-5
0,3832;1,8079E-4;0,2085;0,0033;0,2823;6,3069E-4;0,3360;1,3455E-4;0,3452;8,1765E-5;0,4017;-3,0906E-5
0,3845;1,7368E-4;0,2092;0,0033;0,2829;6,1970E-4;0,3370;1,2973E-4;0,3462;7,7102E-5;0,4017;-3,3176E-5
0,3858;1,6797E-4;0,2100;0,0032;0,2835;6,0960E-4;0,3381;1,2958E-4;0,3470;7,1694E-5;0,4017;-3,0015E-5
0,3871;1,6342E-4;0,2108;0,0032;0,2841;5,9766E-4;0,3391;1,2699E-4;0,3478;6,9717E-5;0,4017;-2,9563E-5
0,3885;1,5866E-4;0,2117;0,0032;0,2847;5,8817E-4;0,3402;1,2362E-4;0,3485;6,8972E-5;0,4017;-3,3140E-5
0,3899;1,5663E-4;0,2126;0,0031;0,2853;5,7741E-4;0,3412;1,2191E-4;0,3492;6,8240E-5;0,4017;-2,9160E-5
0,3914;1,5037E-4;0,2136;0,0031;0,2860;5,6995E-4;0,3422;1,1850E-4;0,3499;6,6824E-5;0,4017;-3,4434E-5
0,3929;1,4253E-4;0,2146;0,0031;0,2867;5,5956E-4;0,3431;1,1468E-4;0,3506;6,8826E-5;0,4017;-3,1760E-5
0,3944;1,4347E-4;0,2157;0,0030;0,2874;5,5015E-4;0,3439;1,1428E-4;0,3514;6,3284E-5;0,4017;-3,1724E-5
0,3959;1,3358E-4;0,2167;0,0030;0,2882;5,3621E-4;0,3446;1,1221E-4;0,3522;6,2869E-5;0,4017;-3,3005E-5
0,3975;1,3277E-4;0,2177;0,0030;0,2891;5,2702E-4;0,3455;1,1428E-4;0,3531;6,2466E-5;0,4017;-3,2297E-5
0,3992;1,3048E-4;0,2188;0,0029;0,2899;5,1181E-4;0,3464;1,0772E-4;0,3538;6,1880E-5;0,4017;-3,2407E-5
0,4010;1,2104E-4;0,2200;0,0029;0,2908;5,0143E-4;0,3474;1,0717E-4;0,3545;5,7485E-5;0,4017;-3,3408E-5
0,4029;1,1872E-4;0,2212;0,0028;0,2917;4,8747E-4;0,3484;1,0397E-4;0,3552;5,6814E-5;0,4017;-3,1321E-5
0,4048;1,1093E-4;0,2222;0,0028;0,2927;4,7388E-4;0,3494;1,0227E-4;0,3559;5,3701E-5;0,4017;-3,0515E-5
0,4067;1,0598E-4;0,2233;0,0027;0,2937;4,6382E-4;0,3505;1,0114E-4;0,3566;5,5520E-5;0,4017;-3,3982E-5
0,4086;1,0218E-4;0,2243;0,0027;0,2947;4,5124E-4;0,3516;9,8892E-5;0,3572;5,3860E-5;0,4017;-3,2297E-5
0,4105;1,0193E-4;0,2251;0,0026;0,2956;4,4131E-4;0,3525;9,5754E-5;0,3578;5,1809E-5;0,4017;-3,1833E-5
0,4124;9,5840E-5;0,2259;0,0026;0,2966;4,3028E-4;0,3535;9,4692E-5;0,3585;5,0979E-5;0,4017;
0,4143;9,2959E-5;0,2267;0,0026;0,2975;4,1637E-4;0,3544;8,9224E-5;0,3592;4,9648E-5;;
0,4161;9,0774E-5;0,2273;0,0025;0,2984;4,0711E-4;0,3552;8,9565E-5;0,3600;4,7976E-5;;
0,4180;8,3206E-5;0,2279;0,0025;0,2993;3,9801E-4;0,3560;8,7393E-5;0,3609;4,8538E-5;;
0,4199;8,1106E-5;0,2283;0,0025;0,3002;3,8518E-4;0,3568;8,6208E-5;0,3619;4,5632E-5;;
0,4217;7,5967E-5;0,2286;0,0025;0,3012;3,7461E-4;0,3577;8,4292E-5;0,3629;4,4827E-5;;
0,4235;7,4624E-5;0,2289;0,0025;0,3022;3,6579E-4;0,3587;8,5403E-5;0,3640;4,1580E-5;;
0,4252;7,0303E-5;0,2291;0,0025;0,3031;3,5395E-4;0,3598;8,2559E-5;0,3650;3,7429E-5;;
0,4267;7,0217E-5;0,2292;0,0025;0,3041;3,4716E-4;0,3612;8,3145E-5;0,3659;3,6465E-5;;
0,4282;6,6152E-5;0,2294;0,0025;0,3050;3,3893E-4;0,3625;7,6028E-5;0,3669;4,0396E-5;;
0,4296;6,2722E-5;0,2297;0,0024;0,3059;3,2780E-4;0,3640;7,5576E-5;0,3679;3,4292E-5;;
0,4308;6,0964E-5;0,2300;0,0024;0,3067;3,1797E-4;0,3655;7,5100E-5;0,3689;3,2766E-5;;
0,4320;6,0586E-5;0,2305;0,0024;0,3075;3,1244E-4;0,3671;7,3501E-5;0,3699;3,2620E-5;;
0,4331;5,8071E-5;0,2310;0,0024;0,3083;3,0854E-4;0,3686;6,9729E-5;0,3707;3,1973E-5;;
0,4341;5,7180E-5;0,2315;0,0024;0,3091;3,0023E-4;0,3701;6,8606E-5;0,3717;3,0715E-5;;
0,4351;5,5239E-5;0,2321;0,0023;0,3099;2,9198E-4;0,3716;6,4382E-5;0,3726;2,8079E-5;;
0,4359;5,4031E-5;0,2327;0,0023;0,3106;2,8861E-4;0,3730;6,2100E-5;0,3735;2,6907E-5;;
0,4366;5,2029E-5;0,2331;0,0023;0,3114;2,7965E-4;0,3744;6,0171E-5;0,3743;2,7261E-5;;
0,4371;5,1187E-5;0,2336;0,0023;0,3122;2,7268E-4;0,3757;6,0488E-5;0,3752;2,6882E-5;;
0,4375;4,9600E-5;0,2340;0,0023;0,3130;2,6962E-4;0,3770;5,8792E-5;0,3761;2,3733E-5;;
0,4377;5,0283E-5;0,2345;0,0022;0,3138;2,6364E-4;0,3784;5,6033E-5;0,3770;2,1621E-5;;
0,4376;5,1675E-5;0,2349;0,0022;0,3145;2,5523E-4;0,3798;5,3701E-5;0,3780;2,0864E-5;;
0,4376;4,7634E-5;0,2353;0,0022;0,3152;2,5259E-4;0,3811;5,3591E-5;0,3790;1,8447E-5;;
0,4376;5,3542E-5;0,2356;0,0022;0,3160;2,4439E-4;0,3822;5,1797E-5;0,3801;2,0828E-5;;
0,4376;5,3896E-5;0,2360;0,0022;0,3167;2,3571E-4;0,3830;4,8501E-5;0,3812;1,9167E-5;;
0,4376;5,0613E-5;0,2364;0,0022;0,3174;2,3394E-4;0,3838;4,9160E-5;0,3824;1,5847E-5;;
0,4376;5,0625E-5;0,2368;0,0021;0,3182;2,2885E-4;0,3845;4,8757E-5;0,3836;1,1697E-5;;
0,4376;5,0674E-5;0,2371;0,0021;0,3189;2,2649E-4;0,3852;4,9111E-5;0,3847;1,2930E-5;;
0,4376;5,1138E-5;0,2374;0,0021;0,3196;2,1992E-4;0,3860;4,9429E-5;0,3858;1,3833E-5;;
0,4376;5,2603E-5;0,2377;0,0021;0,3203;2,1636E-4;0,3869;4,8599E-5;0,3869;8,3398E-6;;
0,4376;4,9734E-5;0,2380;0,0021;0,3211;2,1123E-4;0,3879;4,5925E-5;0,3881;1,0732E-5;;
0,4376;4,9648E-5;0,2383;0,0021;0,3220;2,0402E-4;0,3890;4,5571E-5;0,3894;5,6055E-6;;
0,4376;5,1943E-5;0,2386;0,0021;0,3230;1,9579E-4;0,3900;4,3008E-5;0,3906;4,6655E-6;;
0,4376;4,8892E-5;0,2389;0,0020;0,3241;1,8991E-4;0,3909;4,5205E-5;0,3919;4,4702E-6;;
0,4376;5,3237E-5;0,2394;0,0020;0,3252;1,8167E-4;0,3917;4,2202E-5;0,3932;6,8018E-6;;
0,4376;4,9185E-5;0,2398;0,0020;0,3264;1,7510E-4;0,3922;4,1323E-5;0,3944;4,8975E-6;;
0,4376;5,1211E-5;0,2403;0,0020;0,3276;1,7030E-4;0,3925;4,1824E-5;0,3955;5,4712E-6;;
0,4376;4,9136E-5;0,2409;0,0020;0,3289;1,5935E-4;0,3929;4,0701E-5;0,3965;3,6157E-6;;
0,4376;5,2053E-5;0,2415;0,0019;0,3301;1,5005E-4;0,3934;3,9626E-5;0,3973;3,6865E-7;;
0,4376;5,0771E-5;0,2420;0,0019;0,3314;1,4672E-4;0,3940;3,8430E-5;0,3979;2,6636E-6;;
0,4376;4,8159E-5;0,2425;0,0019;0,3325;1,4420E-4;0,3946;4,1519E-5;0,3982;2,5879E-7;;
0,4376;5,2773E-5;0,2431;0,0019;0,3336;1,3632E-4;0,3953;4,0920E-5;0,3983;1,4063E-6;;
0,4376;4,8745E-5;0,2438;0,0018;0,3346;1,3114E-4;0,3961;3,8918E-5;0,3982;-6,8115E-7;;
0,4376;4,9697E-5;0,2445;0,0018;0,3356;1,2439E-4;0,3970;3,5952E-5;0,3982;-5,7129E-7;;
0,4376;5,0881E-5;0,2453;0,0018;0,3364;1,2257E-4;0,3979;3,7039E-5;0,3982;3,9063E-8;;
0,4376;;0,2462;0,0018;0,3373;1,1662E-4;0,3987;3,6648E-5;0,3981;2,9541E-7;;
;;0,2471;0,0017;0,3381;1,1303E-4;0,3995;3,7551E-5;0,3980;1,0889E-6;;
;;0,2479;0,0017;0,3388;1,0701E-4;0,4002;3,2949E-5;0,3980;-3,2080E-6;;
;;0,2488;0,0017;0,3395;1,0443E-4;0,4008;3,5464E-5;0,3980;9,5459E-7;;
;;0,2496;0,0016;0,3403;9,9307E-5;0,4013;3,5671E-5;0,3980;2,9565E-6;;
;;0,2503;0,0016;0,3410;9,9111E-5;0,4018;3,4976E-5;0,3980;-5,1025E-7;;
;;0,2510;0,0016;0,3416;9,7085E-5;0,4022;3,5427E-5;0,3980;1,4307E-6;;
;;0,2516;0,0016;0,3423;9,3301E-5;0,4025;3,3706E-5;0,3980;1,6138E-6;;
;;0,2522;0,0015;0,3430;9,0042E-5;0,4028;3,0496E-5;0,3980;1,6748E-6;;
;;0,2528;0,0015;0,3436;8,9138E-5;0,4030;3,2351E-5;0,3980;-1,5601E-6;;
;;0,2534;0,0015;0,3443;8,5879E-5;0,4032;3,2998E-5;0,3980;1,6870E-6;;
;;0,2540;0,0015;0,3449;8,2034E-5;0,4035;3,1436E-5;0,3980;2,4658E-7;;
;;0,2546;0,0015;0,3456;8,0203E-5;0,4037;3,3499E-5;0,3980;1,2451E-7;;
;;0,2551;0,0014;0,3464;7,7725E-5;0,4037;3,7112E-5;0,3980;-9,7412E-7;;
;;0,2557;0,0014;0,3471;7,5283E-5;0,4036;3,2815E-5;0,3980;-2,5391E-7;;
;;0,2562;0,0014;0,3479;6,9265E-5;0,4036;3,1777E-5;0,3980;2,4438E-6;;
;;0,2566;0,0014;0,3487;6,6409E-5;0,4036;3,2131E-5;0,3980;-1,9385E-6;;
;;0,2570;0,0014;0,3496;6,4504E-5;0,4035;3,0642E-5;0,3980;-3,6377E-7;;
;;0,2574;0,0014;0,3504;6,1196E-5;0,4035;3,0984E-5;0,3980;-5,5908E-7;;
;;0,2579;0,0013;0,3514;5,7632E-5;0,4035;3,3840E-5;0,3980;-3,3936E-7;;
;;0,2583;0,0013;0,3522;5,4653E-5;0,4035;3,3950E-5;0,3980;-1,9751E-6;;
;;0,2588;0,0013;0,3531;5,2639E-5;0,4035;3,0581E-5;0,3980;-1,0352E-6;;
;;0,2593;0,0013;0,3540;5,1821E-5;0,4035;3,0740E-5;0,3980;2,9688E-6;;
;;0,2598;0,0013;0,3549;4,5803E-5;0,4035;3,1777E-5;0,3980;-3,3667E-6;;
;;0,2604;0,0013;0,3558;4,4729E-5;0,4035;3,0154E-5;0,3980;-8,0322E-7;;
;;0,2609;0,0013;0,3566;3,8601E-5;0,4035;3,1777E-5;0,3980;2,5049E-6;;
;;0,2615;0,0012;0,3575;3,9297E-5;0,4035;3,0520E-5;0,3980;-2,6831E-6;;
;;0,2621;0,0012;0,3584;3,3340E-5;0,4035;3,1252E-5;0,3980;8,6914E-7;;
;;0,2628;0,0012;0,3593;3,1216E-5;0,4035;3,0728E-5;0,3980;-2,4756E-6;;
;;0,2635;0,0012;0,3602;2,4807E-5;0,4035;3,2070E-5;0,3980;1,0010E-7;;
;;0,2641;0,0012;0,3612;2,4490E-5;0,4035;3,1643E-5;0,3980;1,3452E-6;;
;;0,2647;0,0011;0,3622;2,1340E-5;0,4035;3,0715E-5;0,3980;-8,1543E-7;;
;;0,2653;0,0011;0,3633;1,7947E-5;0,4035;3,1240E-5;0,3980;1,9775E-7;;
;;0,2659;0,0011;0,3644;1,5054E-5;0,4035;3,0374E-5;0,3980;-1,1328E-6;;
;;0,2665;0,0011;0,3654;1,0562E-5;0,4035;2,9971E-5;0,3980;3,9307E-7;;
;;0,2671;0,0011;0,3663;1,3333E-5;0,4035;3,1655E-5;0,3980;-1,2671E-6;;
;;0,2677;0,0011;0,3671;9,2432E-6;0,4035;3,4561E-5;0,3980;1,1230E-7;;
;;0,2682;0,0011;0,3679;6,7773E-6;0,4035;3,1545E-5;0,3980;-8,3984E-7;;
;;0,2688;0,0010;0,3688;4,3481E-6;0,4035;3,0764E-5;0,3980;-4,1260E-7;;
;;0,2694;0,0010;0,3696;-1,6821E-6;0,4035;3,2485E-5;0,3980;5,1270E-8;;
;;0,2700;0,0010;0,3706;4,9072E-7;0,4035;3,2534E-5;0,3980;1,8579E-6;;
;;0,2707;9,9186E-4;0,3716;-1,0840E-6;0,4035;3,1387E-5;0,3980;1,0400E-6;;
;;0,2715;9,7139E-4;0,3726;-5,6860E-6;0,4035;2,9458E-5;0,3980;5,1514E-7;;
;;0,2722;9,5586E-4;0,3738;-7,8467E-6;0,4035;2,9800E-5;0,3980;-2,9053E-7;;
;;0,2730;9,3803E-4;0,3749;-1,2937E-5;0,4035;2,8884E-5;0,3980;1,0645E-6;;
;;0,2738;9,1948E-4;0,3761;-1,2119E-5;0,4035;3,2974E-5;0,3980;8,7891E-8;;
;;0,2746;9,0348E-4;0,3773;-1,5977E-5;0,4035;3,1289E-5;0,3980;3,6865E-7;;
;;0,2755;8,8396E-4;0,3783;-1,6257E-5;0,4035;3,1558E-5;0,3980;1,8555E-7;;
;;0,2764;8,6361E-4;0,3795;-2,0530E-5;0,4035;2,9678E-5;0,3980;1,6870E-6;;
;;0,2773;8,4708E-4;0,3806;-2,3569E-5;0,4035;3,1399E-5;0,3980;-1,9019E-6;;
;;0,2783;8,2171E-4;0,3816;-2,7854E-5;0,4035;;0,3980;-2,7197E-6;;
;;0,2793;8,0319E-4;0,3826;-3,0222E-5;;;0,3980;-1,9995E-6;;
;;0,2803;7,8710E-4;0,3836;-2,8123E-5;;;0,3980;-1,2671E-6;;
;;0,2813;7,6518E-4;0,3843;-2,9966E-5;;;0,3980;4,1748E-7;;
;;0,2823;7,4458E-4;0,3848;-3,7009E-5;;;0,3980;-3,5156E-7;;
;;0,2832;7,2931E-4;0,3852;-3,0417E-5;;;0,3980;-1,0474E-6;;
;;0,2841;7,1465E-4;0,3853;-3,3250E-5;;;0,3980;-1,4136E-6;;
;;0,2850;6,9865E-4;0,3855;-3,7083E-5;;;0,3980;-9,1309E-7;;
;;0,2859;6,8400E-4;0,3857;-3,4214E-5;;;0,3980;4,5410E-7;;
;;0,2867;6,7145E-4;0,3860;-3,6643E-5;;;0,3980;-7,5439E-7;;
;;0,2875;6,5678E-4;0,3862;-3,7192E-5;;;0,3980;-1,5967E-6;;
;;0,2881;6,4931E-4;0,3866;-3,4897E-5;;;0,3980;4,4189E-7;;
;;0,2886;6,3965E-4;0,3869;-3,7314E-5;;;0,3980;-2,9053E-7;;
;;0,2892;6,3252E-4;0,3873;-3,8608E-5;;;0,3980;-2,5610E-6;;
;;0,2899;6,2332E-4;0,3877;-3,9158E-5;;;0,3980;-2,7563E-6;;
;;0,2905;6,1120E-4;0,3882;-3,8242E-5;;;0,3980;-3,8062E-6;;
;;0,2912;5,9953E-4;0,3888;-4,0476E-5;;;0,3980;-2,3657E-6;;
;;0,2919;5,8891E-4;0,3893;-4,1831E-5;;;0,3980;-1,8286E-6;;
;;0,2926;5,7926E-4;0,3900;-4,2600E-5;;;0,3980;-2,7197E-6;;
;;0,2934;5,6731E-4;0,3906;-4,6494E-5;;;0,3980;7,3486E-7;;
;;0,2943;5,5634E-4;0,3913;-4,4358E-5;;;0,3980;-4,0039E-7;;
;;0,2953;5,4479E-4;0,3920;-4,4724E-5;;;0,3980;-4,0039E-7;;
;;0,2964;5,2847E-4;0,3926;-4,5408E-5;;;0,3980;-2,5488E-6;;
;;0,2975;5,1343E-4;0,3933;-4,7898E-5;;;0,3980;-1,0596E-6;;
;;0,2987;5,0055E-4;0,3939;-4,8105E-5;;;0,3980;-1,4258E-6;;
;;0,2999;4,8535E-4;0,3945;-4,7629E-5;;;0,3980;-1,9507E-6;;
;;0,3010;4,6984E-4;0,3951;-5,1108E-5;;;0,3980;-8,0322E-7;;
;;0,3022;4,5586E-4;0,3955;-5,4099E-5;;;0,3980;5,0293E-7;;
;;0,3033;4,4357E-4;0,3960;-5,3574E-5;;;0,3980;1,4648E-8;;
;;0,3044;4,3329E-4;0,3963;-5,6125E-5;;;0,3980;-1,6699E-6;;
;;0,3055;4,2122E-4;0,3967;-5,3098E-5;;;0,3980;-2,0483E-6;;
;;0,3066;4,0965E-4;0,3972;-5,2866E-5;;;0,3980;-1,9019E-6;;
;;0,3078;3,9672E-4;0,3976;-5,4343E-5;;;0,3980;-6,9336E-7;;
;;0,3090;3,8516E-4;0,3982;-5,5430E-5;;;0,3980;-1,3037E-6;;
;;0,3101;3,7467E-4;0,3988;-5,9470E-5;;;0,3980;1,1499E-6;;
;;0,3112;3,6376E-4;0,3994;-5,8506E-5;;;0,3980;-1,9287E-7;;
;;0,3121;3,5279E-4;0,4001;-5,6016E-5;;;0,3980;-1,3892E-6;;
;;0,3131;3,4468E-4;0,4009;-6,1155E-5;;;0,3980;4,5410E-7;;
;;0,3140;3,4092E-4;0,4017;-6,2632E-5;;;0,3980;1,6992E-6;;
;;0,3148;3,3328E-4;0,4025;-6,4463E-5;;;0,3980;-5,8350E-7;;
;;0,3157;3,2373E-4;0,4031;-6,3328E-5;;;0,3980;-2,1338E-6;;
;;0,3165;3,1763E-4;0,4035;-6,2180E-5;;;0,3980;-1,2915E-6;;
;;0,3172;3,1073E-4;0,4035;-6,6599E-5;;;0,3980;-2,8906E-6;;
;;0,3179;3,0535E-4;0,4035;-6,1814E-5;;;0,3980;-4,9805E-7;;
;;0,3185;3,0224E-4;0,4036;-6,3621E-5;;;0,3980;-6,3232E-7;;
;;0,3192;2,9757E-4;0,4036;-6,3511E-5;;;0,3980;-9,6191E-7;;
;;0,3199;2,9109E-4;0,4036;-6,3364E-5;;;0,3980;1,4648E-8;;
;;0,3207;2,8421E-4;0,4035;-6,3193E-5;;;0,3980;1,7334E-7;;
;;0,3216;2,7946E-4;0,4035;-6,3389E-5;;;0,3980;-5,1025E-7;;
;;0,3224;2,6991E-4;0,4035;-6,2913E-5;;;0,3980;-2,1216E-6;;
;;0,3234;2,6676E-4;0,4035;-6,3340E-5;;;0,3980;-1,9141E-6;;
;;0,3244;2,5896E-4;0,4035;-6,3279E-5;;;0,3980;-4,6387E-8;;
;;0,3254;2,5365E-4;0,4034;-6,3572E-5;;;;;;
;;0,3265;2,4297E-4;0,4034;-6,5000E-5;;;;;;
;;0,3276;2,3780E-4;0,4034;-6,6270E-5;;;;;;
;;0,3287;2,2847E-4;0,4034;-6,7661E-5;;;;;;
;;0,3298;2,2652E-4;0,4034;-6,5769E-5;;;;;;
;;0,3308;2,1775E-4;0,4034;-6,3901E-5;;;;;;
;;0,3318;2,0915E-4;0,4034;-6,3682E-5;;;;;;
;;0,3328;2,0218E-4;0,4034;-6,6025E-5;;;;;;
;;0,3338;1,9743E-4;0,4034;-6,4976E-5;;;;;;
;;0,3348;1,9774E-4;0,4034;-6,5000E-5;;;;;;
;;0,3358;1,9131E-4;0,4034;-6,5940E-5;;;;;;
;;0,3367;1,8540E-4;0,4034;-6,3462E-5;;;;;;
;;0,3375;1,7895E-4;0,4034;-6,4561E-5;;;;;;
;;0,3382;1,7875E-4;0,4034;-6,5916E-5;;;;;;
;;0,3388;1,7031E-4;0,4034;-6,2888E-5;;;;;;
;;0,3394;1,7162E-4;0,4034;-6,5989E-5;;;;;;
;;0,3399;1,6864E-4;0,4034;-6,6355E-5;;;;;;
;;0,3403;1,6601E-4;0,4034;-6,3804E-5;;;;;;
;;0,3406;1,6226E-4;0,4034;-6,3950E-5;;;;;;
;;0,3410;1,6146E-4;0,4034;-6,4976E-5;;;;;;
;;0,3414;1,5835E-4;0,4034;-6,5146E-5;;;;;;
;;0,3418;1,5518E-4;0,4034;-6,5293E-5;;;;;;
;;0,3423;1,5631E-4;0,4034;-6,5208E-5;;;;;;
;;0,3428;1,5557E-4;0,4034;-6,8345E-5;;;;;;
;;0,3433;1,5032E-4;0,4034;-6,6099E-5;;;;;;
;;0,3439;1,4850E-4;0,4034;-6,4988E-5;;;;;;
;;0,3447;1,4600E-4;0,4034;-6,2729E-5;;;;;;
;;0,3455;1,4068E-4;0,4034;-6,5671E-5;;;;;;
;;0,3463;1,3886E-4;0,4034;-6,7417E-5;;;;;;
;;0,3471;1,3312E-4;0,4034;-6,7759E-5;;;;;;
;;0,3479;1,2783E-4;0,4034;-6,6501E-5;;;;;;
;;0,3487;1,2570E-4;0,4034;-6,3938E-5;;;;;;
;;0,3495;1,2157E-4;0,4034;-6,5867E-5;;;;;;
;;0,3503;1,1968E-4;0,4034;-6,3645E-5;;;;;;
;;0,3511;1,1646E-4;0,4034;-6,5012E-5;;;;;;
;;0,3519;1,1144E-4;0,4034;-6,4426E-5;;;;;;
;;0,3527;1,0954E-4;0,4034;-6,3157E-5;;;;;;
;;0,3535;1,0952E-4;0,4034;-6,7112E-5;;;;;;
;;0,3542;1,0159E-4;0,4034;-6,5635E-5;;;;;;
;;0,3550;1,0178E-4;0,4034;-6,7332E-5;;;;;;
;;0,3559;9,8342E-5;0,4034;-6,5977E-5;;;;;;
;;0,3569;9,4766E-5;0,4034;-6,8833E-5;;;;;;
;;0,3578;9,0774E-5;0,4034;-6,6135E-5;;;;;;
;;0,3586;8,9126E-5;0,4034;-6,4512E-5;;;;;;
;;0,3595;8,7124E-5;0,4034;-6,3657E-5;;;;;;
;;0,3603;8,3633E-5;0,4034;-6,5183E-5;;;;;;
;;0,3610;8,2693E-5;0,4034;-6,6074E-5;;;;;;
;;0,3616;7,6809E-5;0,4034;-6,2498E-5;;;;;;
;;0,3622;7,7749E-5;0,4034;-6,0740E-5;;;;;;
;;0,3627;7,6370E-5;0,4034;-6,5574E-5;;;;;;
;;0,3633;7,1230E-5;0,4034;-6,5977E-5;;;;;;
;;0,3638;7,1572E-5;0,4034;-6,7039E-5;;;;;;
;;0,3645;7,1157E-5;0,4034;-6,5159E-5;;;;;;
;;0,3653;6,9375E-5;0,4034;-6,2473E-5;;;;;;
;;0,3661;6,5664E-5;0,4034;-6,4512E-5;;;;;;
;;0,3670;6,2087E-5;0,4034;-6,3340E-5;;;;;;
;;0,3680;5,7607E-5;0,4034;-6,4817E-5;;;;;;
;;0,3689;5,3823E-5;0,4034;-6,3364E-5;;;;;;
;;0,3697;5,5483E-5;0,4034;-6,6404E-5;;;;;;
;;0,3706;5,1736E-5;0,4034;-6,3547E-5;;;;;;
;;0,3715;4,7036E-5;0,4034;-6,6282E-5;;;;;;
;;0,3724;4,5437E-5;0,4034;-6,4365E-5;;;;;;
;;0,3734;4,7061E-5;0,4034;-6,9456E-5;;;;;;
;;0,3742;4,5669E-5;0,4034;-6,9358E-5;;;;;;
;;0,3751;4,0078E-5;0,4034;-6,5403E-5;;;;;;
;;0,3759;3,7832E-5;0,4034;-6,6355E-5;;;;;;
;;0,3766;3,5671E-5;0,4034;-6,6147E-5;;;;;;
;;0,3774;3,5537E-5;0,4034;-6,7600E-5;;;;;;
;;0,3781;3,4390E-5;0,4034;-6,5256E-5;;;;;;
;;0,3789;3,2437E-5;0,4034;-6,5500E-5;;;;;;
;;0,3797;3,0483E-5;0,4034;-6,4609E-5;;;;;;
;;0,3805;2,6187E-5;0,4034;-6,5366E-5;;;;;;
;;0,3813;2,9275E-5;0,4034;-6,5024E-5;;;;;;
;;0,3821;2,2512E-5;0,4034;-6,6453E-5;;;;;;
;;0,3827;2,4124E-5;0,4034;-6,5244E-5;;;;;;
;;0,3834;2,0083E-5;0,4034;-6,4634E-5;;;;;;
;;0,3839;2,1523E-5;0,4034;-6,4780E-5;;;;;;
;;0,3845;1,6897E-5;0,4034;-6,5867E-5;;;;;;
;;0,3850;1,8594E-5;0,4034;-6,4438E-5;;;;;;
;;0,3856;1,9241E-5;0,4034;-6,5134E-5;;;;;;
;;0,3862;1,2661E-5;0,4034;-6,3804E-5;;;;;;
;;0,3869;1,2368E-5;0,4034;-6,6794E-5;;;;;;
;;0,3877;1,2966E-5;0,4034;-6,4683E-5;;;;;;
;;0,3884;1,0793E-5;0,4034;-6,6831E-5;;;;;;
;;0,3893;7,9736E-6;0,4034;-6,6355E-5;;;;;;
;;0,3902;7,9004E-6;0,4034;-6,4670E-5;;;;;;
;;0,3910;6,5820E-6;0,4034;-6,6685E-5;;;;;;
;;0,3919;3,6401E-6;0,4034;-6,5452E-5;;;;;;
;;0,3928;3,4448E-6;0,4034;-6,5159E-5;;;;;;
;;0,3937;-1,2549E-6;0,4034;-6,6660E-5;;;;;;
;;0,3946;-3,1494E-7;0,4034;-6,9773E-5;;;;;;
;;0,3956;-2,0361E-6;0,4034;-6,8735E-5;;;;;;
;;0,3966;-4,6240E-6;0,4034;-6,6233E-5;;;;;;
;;0,3975;-4,6851E-6;0,4034;-6,5659E-5;;;;;;
;;0,3984;-6,3696E-6;0,4034;-6,5830E-5;;;;;;
;;0,3992;-9,1406E-6;0,4034;-6,5952E-5;;;;;;
;;0,4000;-9,3359E-6;0,4034;-6,9260E-5;;;;;;
;;0,4007;-1,2266E-5;0,4034;-6,7344E-5;;;;;;
;;0,4014;-8,4326E-6;0,4034;-6,6001E-5;;;;;;
;;0,4021;-1,3743E-5;0,4034;-6,6636E-5;;;;;;
;;0,4026;-1,1790E-5;0,4034;-6,6624E-5;;;;;;
;;0,4029;-1,5342E-5;0,4034;-6,6147E-5;;;;;;
;;0,4030;-1,4854E-5;0,4034;-6,3901E-5;;;;;;
;;0,4030;-1,5049E-5;0,4034;-6,6721E-5;;;;;;
;;0,4030;-1,5757E-5;0,4034;-6,7930E-5;;;;;;
;;0,4030;-1,8369E-5;0,4034;-6,5391E-5;;;;;;
;;0,4030;-1,6782E-5;0,4034;-6,9395E-5;;;;;;
;;0,4029;-1,3230E-5;0,4034;-6,8906E-5;;;;;;
;;0,4029;-1,5598E-5;0,4034;-6,5903E-5;;;;;;
;;0,4029;-1,5354E-5;0,4034;;;;;;;
;;0,4029;-1,4951E-5;;;;;;;;
;;0,4029;-1,2375E-5;;;;;;;;
;;0,4029;-1,4146E-5;;;;;;;;
;;0,4029;-1,3145E-5;;;;;;;;
;;0,4029;-1,4353E-5;;;;;;;;
;;0,4029;-1,4463E-5;;;;;;;;
;;0,4029;-1,6392E-5;;;;;;;;
;;0,4029;-1,6257E-5;;;;;;;;
;;0,4029;-1,6514E-5;;;;;;;;
;;0,4029;-1,8296E-5;;;;;;;;
;;0,4029;-1,4243E-5;;;;;;;;
;;0,4029;-1,6135E-5;;;;;;;;
;;0,4029;-1,5439E-5;;;;;;;;
;;0,4029;-1,4841E-5;;;;;;;;
;;0,4029;-1,8052E-5;;;;;;;;
;;0,4029;-1,3840E-5;;;;;;;;
;;0,4029;-1,5842E-5;;;;;;;;
;;0,4029;-1,2974E-5;;;;;;;;
;;0,4029;-1,7649E-5;;;;;;;;
;;0,4029;-1,7161E-5;;;;;;;;
;;0,4029;-1,7808E-5;;;;;;;;
;;0,4029;-1,6208E-5;;;;;;;;
;;0,4029;-1,7698E-5;;;;;;;;
;;0,4029;-1,8687E-5;;;;;;;;
;;0,4029;-1,3840E-5;;;;;;;;
;;0,4029;-1,7332E-5;;;;;;;;
;;0,4029;-1,8503E-5;;;;;;;;
;;0,4029;-1,7881E-5;;;;;;;;
;;0,4029;-1,7283E-5;;;;;;;;
;;0,4029;-1,7063E-5;;;;;;;;
;;0,4029;-1,5989E-5;;;;;;;;
;;0,4029;-1,7209E-5;;;;;;;;
;;0,4029;-1,6575E-5;;;;;;;;
;;0,4029;-1,6489E-5;;;;;;;;
;;0,4029;-1,7515E-5;;;;;;;;
;;0,4029;-1,2180E-5;;;;;;;;
;;0,4029;-1,8894E-5;;;;;;;;
;;0,4029;-1,5647E-5;;;;;;;;
;;0,4029;-1,6917E-5;;;;;;;;
;;0,4029;-1,8601E-5;;;;;;;;
;;;;;;;;;;;
