"Time (s)";"Magnetic Field x (µT)";"Magnetic Field y (µT)";"Magnetic Field z (µT)";"Absolute field (µT)"
3.095360200E-2;-5.245999694E-1;9.064599991E0;-4.859259796E1;4.943361968E1
4.095360200E-2;-6.344000101E-1;9.003600121E0;-4.853160095E1;4.936378804E1
5.095360200E-2;-6.344000101E-1;9.088999748E0;-4.889759827E1;4.973919477E1
6.095360200E-2;-7.563999891E-1;9.052399635E0;-4.876339722E1;4.960228813E1
7.095360200E-2;-9.393999577E-1;9.076799393E0;-4.865359879E1;4.950195384E1
8.095360200E-2;-9.393999577E-1;9.064599991E0;-4.873899841E1;4.958366073E1
9.095360200E-2;-1.012599945E0;9.052399635E0;-4.876339722E1;4.960685644E1
1.009536020E-1;-1.097999930E0;9.064599991E0;-4.867799759E1;4.952696262E1
1.109536020E-1;-1.146799922E0;9.076799393E0;-4.871459961E1;4.956627535E1
1.209536020E-1;-1.220000029E0;9.076799393E0;-4.870240021E1;4.955603367E1
1.309536020E-1;-1.268800020E0;8.991399765E0;-4.862919998E1;4.946973028E1
1.409536020E-1;-1.268800020E0;8.979199409E0;-4.870240021E1;4.953947579E1
1.509536020E-1;-1.146799922E0;8.942600250E0;-4.881219864E1;4.963784831E1
1.609536020E-1;-1.097999930E0;8.979199409E0;-4.875119781E1;4.958337337E1
1.709536020E-1;-1.049199939E0;8.881599426E0;-4.870240021E1;4.951673873E1
1.809536020E-1;-9.759999514E-1;8.869400024E0;-4.876339722E1;4.957305458E1
1.909536020E-1;-1.036999941E0;8.796199799E0;-4.867799759E1;4.947722657E1
2.009536020E-1;-1.049199939E0;8.808400154E0;-4.862919998E1;4.943164801E1
2.109536020E-1;-1.073599935E0;8.857199669E0;-4.850719833E1;4.932089712E1
2.209536020E-1;-1.061399937E0;8.893799782E0;-4.851939774E1;4.933921565E1
2.309536020E-1;-1.207800031E0;8.845000267E0;-4.840959930E1;4.922582773E1
2.409536020E-1;-1.329800010E0;8.771800041E0;-4.844619751E1;4.925187202E1
2.509536020E-1;-1.354200006E0;8.845000267E0;-4.837299728E1;4.919364546E1
2.609536020E-1;-1.402999997E0;8.832799911E0;-4.834859848E1;4.916882893E1
2.709536020E-1;-1.354200006E0;8.832799911E0;-4.834859848E1;4.916746065E1
2.809536020E-1;-1.329800010E0;8.808400154E0;-4.837299728E1;4.918641223E1
2.909536020E-1;-1.342000008E0;8.820599556E0;-4.829980087E1;4.911694926E1
3.009536020E-1;-1.366400003E0;8.869400024E0;-4.810459900E1;4.893450470E1
3.109536020E-1;-1.317600012E0;8.893799782E0;-4.800699997E1;4.884166040E1
3.209536020E-1;-1.293200016E0;8.906000137E0;-4.793379974E1;4.877128625E1
3.309536020E-1;-1.232200027E0;8.906000137E0;-4.804359818E1;4.887762761E1
3.409536020E-1;-1.207800031E0;8.869400024E0;-4.805579758E1;4.888235590E1
3.509536020E-1;-1.195600033E0;8.869400024E0;-4.806800079E1;4.889405298E1
3.609536020E-1;-1.183400035E0;8.857199669E0;-4.808020020E1;4.890353844E1
3.709536020E-1;-1.073599935E0;8.857199669E0;-4.829980087E1;4.911693564E1
3.809536020E-1;-9.882000089E-1;8.796199799E0;-4.847060013E1;4.927219040E1
3.909536020E-1;-8.905999660E-1;8.783999443E0;-4.858039856E1;4.937617785E1
4.009536020E-1;-8.417999744E-1;8.771800041E0;-4.871459961E1;4.950520496E1
4.109536020E-1;-8.295999765E-1;8.747400284E0;-4.882439804E1;4.960874008E1
4.209536020E-1;-7.929999828E-1;8.771800041E0;-4.879999924E1;4.958843868E1
4.309536020E-1;-8.661999702E-1;8.747400284E0;-4.872679901E1;4.951331393E1
4.409536020E-1;-9.515999556E-1;8.771800041E0;-4.876339722E1;4.955521089E1
4.509536020E-1;-1.158999920E0;8.759599686E0;-4.856819916E1;4.936541134E1
4.609536020E-1;-1.268800020E0;8.735199928E0;-4.845840073E1;4.925576283E1
4.709536020E-1;-1.317600012E0;8.796199799E0;-4.840959930E1;4.921989949E1
4.809536020E-1;-1.305400014E0;8.832799911E0;-4.828759766E1;4.910615553E1
4.909536020E-1;-1.256600022E0;8.906000137E0;-4.825099945E1;4.908212332E1
5.009536020E-1;-1.366400003E0;8.869400024E0;-4.820219803E1;4.903045177E1
5.109536020E-1;-1.354200006E0;8.906000137E0;-4.821439743E1;4.904873919E1
5.209536020E-1;-1.329800010E0;8.869400024E0;-4.815340042E1;4.898147198E1
5.309536020E-1;-1.195600033E0;8.906000137E0;-4.816559982E1;4.899664585E1
5.409536020E-1;-1.097999930E0;8.893799782E0;-4.837299728E1;4.919605822E1
5.509536020E-1;-1.110199928E0;8.857199669E0;-4.838520050E1;4.920172921E1
5.609536020E-1;-1.220000029E0;8.808400154E0;-4.836079788E1;4.917156785E1
5.709536020E-1;-1.207800031E0;8.735199928E0;-4.833639908E1;4.913420371E1
5.809536020E-1;-1.134599924E0;8.722999573E0;-4.842179871E1;4.921431325E1
5.909536020E-1;-1.085799932E0;8.710800171E0;-4.843399811E1;4.922305531E1
6.009536020E-1;-9.759999514E-1;8.747400284E0;-4.845840073E1;4.925125571E1
6.109536020E-1;-9.149999619E-1;8.759599686E0;-4.855599976E1;4.934828187E1
6.209536020E-1;-9.393999577E-1;8.771800041E0;-4.849499893E1;4.929089033E1
6.309536020E-1;-8.539999723E-1;8.759599686E0;-4.859259796E1;4.938320037E1
6.409536020E-1;-8.173999786E-1;8.771800041E0;-4.858039856E1;4.937274291E1
6.509536020E-1;-9.759999514E-1;8.759599686E0;-4.848279953E1;4.927742904E1
6.609536020E-1;-1.000399947E0;8.808400154E0;-4.839739990E1;4.920261203E1
6.709536020E-1;-9.515999556E-1;8.857199669E0;-4.845840073E1;4.927039810E1
6.809536020E-1;-1.049199939E0;8.857199669E0;-4.839739990E1;4.921238791E1
6.909536020E-1;-1.207800031E0;8.783999443E0;-4.834859848E1;4.915490212E1
7.009536020E-1;-1.268800020E0;8.735199928E0;-4.829980087E1;4.909973865E1
7.109536020E-1;-1.342000008E0;8.735199928E0;-4.818999863E1;4.899367969E1
7.209536020E-1;-1.366400003E0;8.698599815E0;-4.818999863E1;4.898784191E1
7.309536020E-1;-1.329800010E0;8.710800171E0;-4.811679840E1;4.891699803E1
7.409536020E-1;-1.305400014E0;8.710800171E0;-4.812899780E1;4.892834085E1
7.509536020E-1;-1.451799989E0;8.661999702E0;-4.794599915E1;4.874378726E1
7.609536020E-1;-1.402999997E0;8.625399590E0;-4.797039795E1;4.875987086E1
7.709536020E-1;-1.305400014E0;8.686399460E0;-4.801919937E1;4.881599239E1
7.809536020E-1;-1.281000018E0;8.674200058E0;-4.803139877E1;4.882517768E1
7.909536020E-1;-1.207800031E0;8.710800171E0;-4.820219803E1;4.899784399E1
8.009536020E-1;-1.195600033E0;8.759599686E0;-4.822660065E1;4.903024634E1
8.109536020E-1;-1.256600022E0;8.759599686E0;-4.823880005E1;4.904377086E1
8.209536020E-1;-1.256600022E0;8.771800041E0;-4.821439743E1;4.902195058E1
8.309536020E-1;-1.183400035E0;8.783999443E0;-4.838520050E1;4.919031113E1
8.409536020E-1;-1.256600022E0;8.735199928E0;-4.840959930E1;4.920743913E1
8.509536020E-1;-1.293200016E0;8.686399460E0;-4.838520050E1;4.917574127E1
8.609536020E-1;-1.354200006E0;8.686399460E0;-4.833639908E1;4.912936870E1
8.709536020E-1;-1.537199974E0;8.661999702E0;-4.816559982E1;4.896241649E1
8.809536020E-1;-1.561599970E0;8.710800171E0;-4.812899780E1;4.893584641E1
8.909536020E-1;-1.524999976E0;8.747400284E0;-4.808020020E1;4.889323356E1
9.009536020E-1;-1.561599970E0;8.747400284E0;-4.808020020E1;4.889438881E1
9.109536020E-1;-1.573799968E0;8.722999573E0;-4.805579758E1;4.886642251E1
9.209536020E-1;-1.488399982E0;8.722999573E0;-4.812899780E1;4.893573833E1
9.309536020E-1;-1.427399993E0;8.735199928E0;-4.816559982E1;4.897209608E1
9.409536020E-1;-1.342000008E0;8.759599686E0;-4.821439743E1;4.902203250E1
9.509536020E-1;-1.195600033E0;8.783999443E0;-4.825099945E1;4.905860835E1
9.609536020E-1;-1.195600033E0;8.747400284E0;-4.820219803E1;4.900406479E1
9.709536020E-1;-1.122399926E0;8.661999702E0;-4.829980087E1;4.908320267E1
9.809536020E-1;-1.061399937E0;8.625399590E0;-4.842179871E1;4.919547416E1
9.909536020E-1;-1.049199939E0;8.674200058E0;-4.833639908E1;4.911975207E1
1.000953602E0;-1.097999930E0;8.710800171E0;-4.815340042E1;4.894725340E1
1.010953602E0;-1.207800031E0;8.722999573E0;-4.801919937E1;4.882000625E1
1.020953602E0;-1.244400024E0;8.747400284E0;-4.797039795E1;4.877729618E1
1.030953602E0;-1.366400003E0;8.735199928E0;-4.792160034E1;4.873038627E1
1.040953602E0;-1.342000008E0;8.735199928E0;-4.792160034E1;4.872970820E1
1.050953602E0;-1.402999997E0;8.820599556E0;-4.795819855E1;4.878278583E1
1.060953602E0;-1.378600001E0;8.857199669E0;-4.788499832E1;4.871676907E1
1.070953602E0;-1.415199995E0;8.857199669E0;-4.797039795E1;4.880176079E1
1.080953602E0;-1.451799989E0;8.820599556E0;-4.799480057E1;4.882019645E1
1.090953602E0;-1.476199985E0;8.832799911E0;-4.790940094E1;4.873918566E1
1.100953602E0;-1.549399972E0;8.783999443E0;-4.784840012E1;4.867266872E1
1.110953602E0;-1.524999976E0;8.820599556E0;-4.777519989E1;4.860656670E1
1.120953602E0;-1.561599970E0;8.808400154E0;-4.781179810E1;4.864148995E1
1.130953602E0;-1.573799968E0;8.698599815E0;-4.768980026E1;4.850216010E1
1.140953602E0;-1.610399961E0;8.710800171E0;-4.764099884E1;4.845757111E1
1.150953602E0;-1.598199964E0;8.722999573E0;-4.770199966E1;4.851933364E1
1.160953602E0;-1.646999955E0;8.783999443E0;-4.772639847E1;4.855595088E1
1.170953602E0;-1.634799957E0;8.783999443E0;-4.779959869E1;4.862749071E1
1.180953602E0;-1.598199964E0;8.796199799E0;-4.782399750E1;4.865246253E1
1.190953602E0;-1.500599980E0;8.722999573E0;-4.801919937E1;4.882812745E1
1.200953602E0;-1.476199985E0;8.735199928E0;-4.801919937E1;4.882956474E1
1.210953602E0;-1.500599980E0;8.747400284E0;-4.800699997E1;4.882049629E1
1.220953602E0;-1.537199974E0;8.686399460E0;-4.806800079E1;4.887073991E1
1.230953602E0;-1.537199974E0;8.637599945E0;-4.799480057E1;4.879008094E1
1.240953602E0;-1.427399993E0;8.552199364E0;-4.806800079E1;4.884373332E1
1.250953602E0;-1.402999997E0;8.552199364E0;-4.811679840E1;4.889105042E1
1.260953602E0;-1.402999997E0;8.600999832E0;-4.810459900E1;4.888760632E1
1.270953602E0;-1.488399982E0;8.625399590E0;-4.798259735E1;4.877440416E1
1.280953602E0;-1.512799978E0;8.576600075E0;-4.799480057E1;4.877855588E1
1.290953602E0;-1.476199985E0;8.649800301E0;-4.800699997E1;4.880235914E1
1.300953602E0;-1.439599991E0;8.686399460E0;-4.792160034E1;4.872377000E1
1.310953602E0;-1.415199995E0;8.735199928E0;-4.784840012E1;4.865979760E1
1.320953602E0;-1.439599991E0;8.796199799E0;-4.781179810E1;4.863551805E1
1.330953602E0;-1.415199995E0;8.808400154E0;-4.782399750E1;4.864900247E1
1.340953602E0;-1.415199995E0;8.759599686E0;-4.788499832E1;4.870016881E1
1.350953602E0;-1.439599991E0;8.698599815E0;-4.782399750E1;4.862995809E1
1.360953602E0;-1.427399993E0;8.783999443E0;-4.776300049E1;4.858498052E1
1.370953602E0;-1.366400003E0;8.808400154E0;-4.789719772E1;4.871957011E1
1.380953602E0;-1.329800010E0;8.808400154E0;-4.798259735E1;4.880251971E1
1.390953602E0;-1.232200027E0;8.783999443E0;-4.806800079E1;4.887954238E1
1.400953602E0;-1.220000029E0;8.808400154E0;-4.806800079E1;4.888362726E1
1.410953602E0;-1.268800020E0;8.735199928E0;-4.803139877E1;4.883573322E1
1.420953602E0;-1.171200037E0;8.735199928E0;-4.804359818E1;4.884529407E1
1.430953602E0;-1.097999930E0;8.783999443E0;-4.808020020E1;4.888834115E1
1.440953602E0;-1.097999930E0;8.783999443E0;-4.815340042E1;4.896033315E1
1.450953602E0;-1.220000029E0;8.771800041E0;-4.797039795E1;4.878106144E1
1.460953602E0;-1.183400035E0;8.698599815E0;-4.803139877E1;4.882705544E1
1.470953602E0;-1.256600022E0;8.686399460E0;-4.797039795E1;4.876670646E1
1.480953602E0;-1.305400014E0;8.637599945E0;-4.797039795E1;4.875931994E1
1.490953602E0;-1.207800031E0;8.686399460E0;-4.809239960E1;4.888549085E1
1.500953602E0;-1.317600012E0;8.710800171E0;-4.810459900E1;4.890466802E1
1.510953602E0;-1.415199995E0;8.722999573E0;-4.811679840E1;4.892156785E1
1.520953602E0;-1.427399993E0;8.722999573E0;-4.809239960E1;4.889792522E1
1.530953602E0;-1.281000018E0;8.698599815E0;-4.826319885E1;4.905754746E1
1.540953602E0;-1.354200006E0;8.783999443E0;-4.817779922E1;4.899074241E1
1.550953602E0;-1.427399993E0;8.832799911E0;-4.815340042E1;4.897760506E1
1.560953602E0;-1.427399993E0;8.845000267E0;-4.820219803E1;4.902778187E1
1.570953602E0;-1.524999976E0;8.771800041E0;-4.810459900E1;4.892159590E1
1.580953602E0;-1.402999997E0;8.808400154E0;-4.817779922E1;4.899649641E1
1.590953602E0;-1.329800010E0;8.808400154E0;-4.809239960E1;4.891048129E1
1.600953602E0;-1.281000018E0;8.808400154E0;-4.808020020E1;4.889718320E1
1.610953602E0;-1.415199995E0;8.759599686E0;-4.803139877E1;4.884412601E1
1.620953602E0;-1.415199995E0;8.722999573E0;-4.797039795E1;4.877758288E1
1.630953602E0;-1.342000008E0;8.564399719E0;-4.800699997E1;4.878341883E1
1.640953602E0;-1.256600022E0;8.588799477E0;-4.797039795E1;4.874941640E1
1.650953602E0;-1.207800031E0;8.661999702E0;-4.795819855E1;4.874913156E1
1.660953602E0;-1.244400024E0;8.600999832E0;-4.787279892E1;4.865522177E1
1.670953602E0;-1.183400035E0;8.515600204E0;-4.800699997E1;4.877076920E1
1.680953602E0;-1.207800031E0;8.466799736E0;-4.808020020E1;4.883493759E1
1.690953602E0;-1.073599935E0;8.515600204E0;-4.818999863E1;4.894838129E1
1.700953602E0;-1.024799943E0;8.454599380E0;-4.828759766E1;4.903287217E1
1.710953602E0;-9.882000089E-1;8.576600075E0;-4.843399811E1;4.919742657E1
1.720953602E0;-9.637999535E-1;8.539999962E0;-4.847060013E1;4.922661462E1
1.730953602E0;-9.759999514E-1;8.491199493E0;-4.849499893E1;4.924244070E1
1.740953602E0;-1.085799932E0;8.454599380E0;-4.834859848E1;4.909425819E1
1.750953602E0;-1.122399926E0;8.576600075E0;-4.832419968E1;4.909222061E1
1.760953602E0;-1.146799922E0;8.625399590E0;-4.825099945E1;4.902929345E1
1.770953602E0;-1.293200016E0;8.625399590E0;-4.810459900E1;4.888887736E1
1.780953602E0;-1.366400003E0;8.710800171E0;-4.803139877E1;4.883400820E1
1.790953602E0;-1.354200006E0;8.759599686E0;-4.804359818E1;4.885439356E1
1.800953602E0;-1.390799999E0;8.735199928E0;-4.804359818E1;4.885105289E1
1.810953602E0;-1.427399993E0;8.674200058E0;-4.798259735E1;4.878123477E1
1.820953602E0;-1.402999997E0;8.698599815E0;-4.800699997E1;4.880887311E1
1.830953602E0;-1.427399993E0;8.625399590E0;-4.799480057E1;4.878458640E1
1.840953602E0;-1.415199995E0;8.576600075E0;-4.800699997E1;4.878763067E1
1.850953602E0;-1.366400003E0;8.539999962E0;-4.805579758E1;4.882784379E1
1.860953602E0;-1.415199995E0;8.515600204E0;-4.812899780E1;4.889702105E1
1.870953602E0;-1.537199974E0;8.442399979E0;-4.800699997E1;4.876791104E1
1.880953602E0;-1.500599980E0;8.491199493E0;-4.811679840E1;4.888331574E1
1.890953602E0;-1.366400003E0;8.576600075E0;-4.825099945E1;4.902636093E1
1.900953602E0;-1.293200016E0;8.625399590E0;-4.842179871E1;4.920102107E1
1.910953602E0;-1.268800020E0;8.625399590E0;-4.861700058E1;4.939251074E1
1.920953602E0;-1.171200037E0;8.625399590E0;-4.876339722E1;4.953421177E1
1.930953602E0;-1.146799922E0;8.625399590E0;-4.883659744E1;4.960570449E1
1.940953602E0;-1.012599945E0;8.649800301E0;-4.890979767E1;4.967909733E1
1.950953602E0;-9.637999535E-1;8.613200188E0;-4.886100006E1;4.962371867E1
1.960953602E0;-1.012599945E0;8.661999702E0;-4.877560043E1;4.954911498E1
1.970953602E0;-1.146799922E0;8.710800171E0;-4.875119781E1;4.953657717E1
1.980953602E0;-1.232200027E0;8.722999573E0;-4.869020081E1;4.948075073E1
1.990953602E0;-1.281000018E0;8.710800171E0;-4.842179871E1;4.921574535E1
2.000953602E0;-1.354200006E0;8.747400284E0;-4.825099945E1;4.905619041E1
2.010953602E0;-1.366400003E0;8.845000267E0;-4.832419968E1;4.914600038E1
2.020953602E0;-1.402999997E0;8.857199669E0;-4.829980087E1;4.912523953E1
2.030953602E0;-1.402999997E0;8.881599426E0;-4.827539825E1;4.910565440E1
2.040953602E0;-1.463999987E0;8.869400024E0;-4.820219803E1;4.903326878E1
2.050953602E0;-1.354200006E0;8.832799911E0;-4.829980087E1;4.911947655E1
2.060953602E0;-1.305400014E0;8.845000267E0;-4.828759766E1;4.910835149E1
2.070953602E0;-1.293200016E0;8.881599426E0;-4.837299728E1;4.919859796E1
2.080953602E0;-1.305400014E0;8.893799782E0;-4.843399811E1;4.926109942E1
2.090953602E0;-1.305400014E0;8.857199669E0;-4.831200027E1;4.913454412E1
2.100953602E0;-1.281000018E0;8.832799911E0;-4.834859848E1;4.916549898E1
2.110953602E0;-1.281000018E0;8.857199669E0;-4.837299728E1;4.919387984E1
2.120953602E0;-1.256600022E0;8.796199799E0;-4.850719833E1;4.931430284E1
2.130953602E0;-1.342000008E0;8.759599686E0;-4.837299728E1;4.917802779E1
2.140953602E0;-1.317600012E0;8.747400284E0;-4.845840073E1;4.925920911E1
2.150953602E0;-1.268800020E0;8.735199928E0;-4.850719833E1;4.930377127E1
2.160953602E0;-1.183400035E0;8.674200058E0;-4.859259796E1;4.937492034E1
2.170953602E0;-1.195600033E0;8.661999702E0;-4.853160095E1;4.931304076E1
2.180953602E0;-1.256600022E0;8.710800171E0;-4.842179871E1;4.921511631E1
2.190953602E0;-1.256600022E0;8.710800171E0;-4.839739990E1;4.919111099E1
2.200953602E0;-1.293200016E0;8.710800171E0;-4.820219803E1;4.900002348E1
2.210953602E0;-1.195600033E0;8.686399460E0;-4.822660065E1;4.901722151E1
2.220953602E0;-1.146799922E0;8.637599945E0;-4.818999863E1;4.897141258E1
2.230953602E0;-1.097999930E0;8.637599945E0;-4.820219803E1;4.898229916E1
2.240953602E0;-1.097999930E0;8.674200058E0;-4.818999863E1;4.897676304E1
2.250953602E0;-1.097999930E0;8.674200058E0;-4.829980087E1;4.908480534E1
2.260953602E0;-1.134599924E0;8.588799477E0;-4.833639908E1;4.910664180E1
2.270953602E0;-1.097999930E0;8.613200188E0;-4.839739990E1;4.917012445E1
2.280953602E0;-1.061399937E0;8.686399460E0;-4.848279953E1;4.926623545E1
2.290953602E0;-1.134599924E0;8.747400284E0;-4.858039856E1;4.937468433E1
2.300953602E0;-1.134599924E0;8.783999443E0;-4.855599976E1;4.935717856E1
2.310953602E0;-1.122399926E0;8.783999443E0;-4.856819916E1;4.936890111E1
2.320953602E0;-1.207800031E0;8.796199799E0;-4.842179871E1;4.922908187E1
2.330953602E0;-1.256600022E0;8.735199928E0;-4.828759766E1;4.908742047E1
2.340953602E0;-1.268800020E0;8.759599686E0;-4.818999863E1;4.899608564E1
2.350953602E0;-1.305400014E0;8.771800041E0;-4.814119720E1;4.895123506E1
2.360953602E0;-1.207800031E0;8.686399460E0;-4.826319885E1;4.905352872E1
2.370953602E0;-1.110199928E0;8.661999702E0;-4.820219803E1;4.898688271E1
2.380953602E0;-1.085799932E0;8.686399460E0;-4.828759766E1;4.907468374E1
2.390953602E0;-1.171200037E0;8.722999573E0;-4.821439743E1;4.901112680E1
2.400953602E0;-1.146799922E0;8.710800171E0;-4.834859848E1;4.914041274E1
2.410953602E0;-1.061399937E0;8.722999573E0;-4.847060013E1;4.926069801E1
2.420953602E0;-9.393999577E-1;8.771800041E0;-4.862919998E1;4.942293030E1
2.430953602E0;-8.783999681E-1;8.796199799E0;-4.873899841E1;4.953417693E1
2.440953602E0;-9.637999535E-1;8.845000267E0;-4.865359879E1;4.946044495E1
2.450953602E0;-1.085799932E0;8.869400024E0;-4.855599976E1;4.937135131E1
2.460953602E0;-1.122399926E0;8.869400024E0;-4.853160095E1;4.934817453E1
2.470953602E0;-1.110199928E0;8.857199669E0;-4.851939774E1;4.933370538E1
2.480953602E0;-1.122399926E0;8.820599556E0;-4.838520050E1;4.919543054E1
2.490953602E0;-1.244400024E0;8.881599426E0;-4.821439743E1;4.904140556E1
2.500953602E0;-1.281000018E0;8.845000267E0;-4.809239960E1;4.891578365E1
2.510953602E0;-1.354200006E0;8.747400284E0;-4.790940094E1;4.872023776E1
2.520953602E0;-1.390799999E0;8.686399460E0;-4.782399750E1;4.862635702E1
2.530953602E0;-1.402999997E0;8.600999832E0;-4.779959869E1;4.858752147E1
2.540953602E0;-1.500599980E0;8.576600075E0;-4.772639847E1;4.851411114E1
2.550953602E0;-1.549399972E0;8.600999832E0;-4.767760086E1;4.847196573E1
2.560953602E0;-1.573799968E0;8.613200188E0;-4.772639847E1;4.852291391E1
2.570953602E0;-1.512799978E0;8.564399719E0;-4.782399750E1;4.860835569E1
2.580953602E0;-1.549399972E0;8.576600075E0;-4.778739929E1;4.857565481E1
2.590953602E0;-1.512799978E0;8.637599945E0;-4.786059952E1;4.865730863E1
2.600953602E0;-1.537199974E0;8.698599815E0;-4.787279892E1;4.868093568E1
2.610953602E0;-1.524999976E0;8.735199928E0;-4.790940094E1;4.872309556E1
2.620953602E0;-1.524999976E0;8.686399460E0;-4.776300049E1;4.857039609E1
2.630953602E0;-1.524999976E0;8.613200188E0;-4.776300049E1;4.855735843E1
2.640953602E0;-1.463999987E0;8.674200058E0;-4.788499832E1;4.868632361E1
2.650953602E0;-1.427399993E0;8.661999702E0;-4.790940094E1;4.870706733E1
2.660953602E0;-1.451799989E0;8.674200058E0;-4.795819855E1;4.875795605E1
2.670953602E0;-1.488399982E0;8.674200058E0;-4.799480057E1;4.879506084E1
2.680953602E0;-1.451799989E0;8.698599815E0;-4.801919937E1;4.882229890E1
2.690953602E0;-1.415199995E0;8.735199928E0;-4.806800079E1;4.887575277E1
2.700953602E0;-1.354200006E0;8.747400284E0;-4.826319885E1;4.906818962E1
2.710953602E0;-1.232200027E0;8.783999443E0;-4.839739990E1;4.920350882E1
2.720953602E0;-1.244400024E0;8.735199928E0;-4.837299728E1;4.917112075E1
2.730953602E0;-1.232200027E0;8.735199928E0;-4.844619751E1;4.924282778E1
2.740953602E0;-1.183400035E0;8.710800171E0;-4.840959930E1;4.920129856E1
2.750953602E0;-1.097999930E0;8.710800171E0;-4.842179871E1;4.921132221E1
2.760953602E0;-1.012599945E0;8.674200058E0;-4.858039856E1;4.935911496E1
2.770953602E0;-1.000399947E0;8.747400284E0;-4.865359879E1;4.944381141E1
2.780953602E0;-1.036999941E0;8.783999443E0;-4.869020081E1;4.948706568E1
2.790953602E0;-1.134599924E0;8.857199669E0;-4.873899841E1;4.955024994E1
2.800953602E0;-1.122399926E0;8.881599426E0;-4.875119781E1;4.956633816E1
2.810953602E0;-1.183400035E0;8.918199539E0;-4.867799759E1;4.950234508E1
2.820953602E0;-1.195600033E0;8.942600250E0;-4.862919998E1;4.945906034E1
2.830953602E0;-1.293200016E0;8.979199409E0;-4.854380035E1;4.938419728E1
2.840953602E0;-1.342000008E0;9.003600121E0;-4.847060013E1;4.931799728E1
2.850953602E0;-1.439599991E0;8.942600250E0;-4.832419968E1;4.916574846E1
2.860953602E0;-1.524999976E0;8.942600250E0;-4.814119720E1;4.898847408E1
2.870953602E0;-1.537199974E0;8.820599556E0;-4.801919937E1;4.884679589E1
2.880953602E0;-1.585999966E0;8.783999443E0;-4.789719772E1;4.872181844E1
2.890953602E0;-1.476199985E0;8.783999443E0;-4.799480057E1;4.881432878E1
2.900953602E0;-1.415199995E0;8.771800041E0;-4.815340042E1;4.896628676E1
2.910953602E0;-1.329800010E0;8.722999573E0;-4.829980087E1;4.909918384E1
2.920953602E0;-1.329800010E0;8.747400284E0;-4.837299728E1;4.917552487E1
2.930953602E0;-1.317600012E0;8.722999573E0;-4.842179871E1;4.921887221E1
2.940953602E0;-1.195600033E0;8.698599815E0;-4.847060013E1;4.925945772E1
2.950953602E0;-1.158999920E0;8.759599686E0;-4.842179871E1;4.922138212E1
2.960953602E0;-1.171200037E0;8.783999443E0;-4.838520050E1;4.919001914E1
2.970953602E0;-1.305400014E0;8.783999443E0;-4.826319885E1;4.907340501E1
2.980953602E0;-1.415199995E0;8.808400154E0;-4.816559982E1;4.898485185E1
2.990953602E0;-1.463999987E0;8.857199669E0;-4.804359818E1;4.887515327E1
3.000953602E0;-1.427399993E0;8.832799911E0;-4.789719772E1;4.872573627E1
3.010953602E0;-1.415199995E0;8.808400154E0;-4.781179810E1;4.863701000E1
3.020953602E0;-1.402999997E0;8.832799911E0;-4.788499832E1;4.871303550E1
3.030953602E0;-1.305400014E0;8.845000267E0;-4.795819855E1;4.878449453E1
3.040953602E0;-1.244400024E0;8.869400024E0;-4.800699997E1;4.883530316E1
3.050953602E0;-1.195600033E0;8.881599426E0;-4.806800079E1;4.889626742E1
3.060953602E0;-1.134599924E0;8.845000267E0;-4.799480057E1;4.881620866E1
3.070953602E0;-1.134599924E0;8.820599556E0;-4.794599915E1;4.876380961E1
3.080953602E0;-1.195600033E0;8.796199799E0;-4.784840012E1;4.866489478E1
3.090953602E0;-1.195600033E0;8.832799911E0;-4.782399750E1;4.864753386E1
3.100953602E0;-1.268800020E0;8.783999443E0;-4.771419907E1;4.853260030E1
3.110953602E0;-1.427399993E0;8.686399460E0;-4.760440063E1;4.841146523E1
3.120953602E0;-1.390799999E0;8.649800301E0;-4.768980026E1;4.848783785E1
3.130953602E0;-1.342000008E0;8.576600075E0;-4.766539764E1;4.844944959E1
3.140953602E0;-1.354200006E0;8.600999832E0;-4.787279892E1;4.865815381E1
3.150953602E0;-1.329800010E0;8.564399719E0;-4.800699997E1;4.878308474E1
3.160953602E0;-1.329800010E0;8.539999962E0;-4.809239960E1;4.886285774E1
3.170953602E0;-1.329800010E0;8.503399849E0;-4.815340042E1;4.891652225E1
3.180953602E0;-1.244400024E0;8.527799606E0;-4.833639908E1;4.909866977E1
3.190953602E0;-1.171200037E0;8.600999832E0;-4.844619751E1;4.921770983E1
3.200953602E0;-1.183400035E0;8.613200188E0;-4.842179871E1;4.919612020E1
3.210953602E0;-1.171200037E0;8.625399590E0;-4.849499893E1;4.927001268E1
3.220953602E0;-1.171200037E0;8.576600075E0;-4.839739990E1;4.916541565E1
3.230953602E0;-1.232200027E0;8.588799477E0;-4.836079788E1;4.913300892E1
3.240953602E0;-1.195600033E0;8.576600075E0;-4.836079788E1;4.912997354E1
3.250953602E0;-1.085799932E0;8.600999832E0;-4.848279953E1;4.925178179E1
3.260953602E0;-1.085799932E0;8.649800301E0;-4.843399811E1;4.921229703E1
3.270953602E0;-1.073599935E0;8.661999702E0;-4.853160095E1;4.931023369E1
3.280953602E0;-1.061399937E0;8.661999702E0;-4.851939774E1;4.929795904E1
3.290953602E0;-1.073599935E0;8.735199928E0;-4.851939774E1;4.931113760E1
3.300953602E0;-1.024799943E0;8.808400154E0;-4.847060013E1;4.927511750E1
3.310953602E0;-1.073599935E0;8.845000267E0;-4.834859848E1;4.916272594E1
3.320953602E0;-1.061399937E0;8.857199669E0;-4.836079788E1;4.917665429E1
3.330953602E0;-1.158999920E0;8.869400024E0;-4.826319885E1;4.908508838E1
3.340953602E0;-1.268800020E0;8.820599556E0;-4.816559982E1;4.898303621E1
3.350953602E0;-1.329800010E0;8.783999443E0;-4.797039795E1;4.878612604E1
3.360953602E0;-1.415199995E0;8.783999443E0;-4.786059952E1;4.868057542E1
3.370953602E0;-1.537199974E0;8.674200058E0;-4.786059952E1;4.866458380E1
3.380953602E0;-1.524999976E0;8.674200058E0;-4.800699997E1;4.880819007E1
3.390953602E0;-1.378600001E0;8.649800301E0;-4.812899780E1;4.891952588E1
3.400953602E0;-1.366400003E0;8.637599945E0;-4.826319885E1;4.904907283E1
3.410953602E0;-1.390799999E0;8.637599945E0;-4.822660065E1;4.901374774E1
3.420953602E0;-1.415199995E0;8.637599945E0;-4.821439743E1;4.900243916E1
3.430953602E0;-1.500599980E0;8.686399460E0;-4.821439743E1;4.901360480E1
3.440953602E0;-1.537199974E0;8.661999702E0;-4.820219803E1;4.899841954E1
3.450953602E0;-1.512799978E0;8.722999573E0;-4.806800079E1;4.887649727E1
3.460953602E0;-1.561599970E0;8.649800301E0;-4.792160034E1;4.872101619E1
3.470953602E0;-1.659199953E0;8.600999832E0;-4.786059952E1;4.865559710E1
3.480953602E0;-1.707999945E0;8.625399590E0;-4.770199966E1;4.850562394E1
3.490953602E0;-1.659199953E0;8.613200188E0;-4.765319824E1;4.845376626E1
3.500953602E0;-1.549399972E0;8.625399590E0;-4.775079727E1;4.854829347E1
3.510953602E0;-1.451799989E0;8.564399719E0;-4.776300049E1;4.854648166E1
3.520953602E0;-1.476199985E0;8.527799606E0;-4.781179810E1;4.858879058E1
3.530953602E0;-1.451799989E0;8.491199493E0;-4.783620071E1;4.860566110E1
3.540953602E0;-1.476199985E0;8.515600204E0;-4.782399750E1;4.859865584E1
3.550953602E0;-1.488399982E0;8.564399719E0;-4.782399750E1;4.860760243E1
3.560953602E0;-1.500599980E0;8.588799477E0;-4.782399750E1;4.861228254E1
3.570953602E0;-1.402999997E0;8.613200188E0;-4.795819855E1;4.874571196E1
3.580953602E0;-1.354200006E0;8.637599945E0;-4.790940094E1;4.870064362E1
3.590953602E0;-1.281000018E0;8.698599815E0;-4.799480057E1;4.879351885E1
3.600953602E0;-1.220000029E0;8.747400284E0;-4.795819855E1;4.876468209E1
3.610953602E0;-1.232200027E0;8.808400154E0;-4.804359818E1;4.885993815E1
3.620953602E0;-1.256600022E0;8.845000267E0;-4.809239960E1;4.891515074E1
3.630953602E0;-1.183400035E0;8.869400024E0;-4.816559982E1;4.898971013E1
3.640953602E0;-1.207800031E0;8.832799911E0;-4.822660065E1;4.904367589E1
3.650953602E0;-1.268800020E0;8.808400154E0;-4.821439743E1;4.902882710E1
3.660953602E0;-1.415199995E0;8.722999573E0;-4.811679840E1;4.892156785E1
3.670953602E0;-1.451799989E0;8.686399460E0;-4.805579758E1;4.885612489E1
3.680953602E0;-1.329800010E0;8.698599815E0;-4.821439743E1;4.901083683E1
3.690953602E0;-1.256600022E0;8.686399460E0;-4.817779922E1;4.897073532E1
3.700953602E0;-1.207800031E0;8.686399460E0;-4.814119720E1;4.893349757E1
3.710953602E0;-1.195600033E0;8.674200058E0;-4.820219803E1;4.899105123E1
3.720953602E0;-1.073599935E0;8.710800171E0;-4.832419968E1;4.911475268E1
3.730953602E0;-1.061399937E0;8.674200058E0;-4.828759766E1;4.907199205E1
3.740953602E0;-1.024799943E0;8.747400284E0;-4.829980087E1;4.909621157E1
3.750953602E0;-1.061399937E0;8.722999573E0;-4.827539825E1;4.906863935E1
3.760953602E0;-1.134599924E0;8.722999573E0;-4.823880005E1;4.903427239E1
3.770953602E0;-1.232200027E0;8.686399460E0;-4.815340042E1;4.894611143E1
3.780953602E0;-1.183400035E0;8.649800301E0;-4.821439743E1;4.899844488E1
3.790953602E0;-1.293200016E0;8.649800301E0;-4.817779922E1;4.896520958E1
3.800953602E0;-1.476199985E0;8.661999702E0;-4.810459900E1;4.890053016E1
3.810953602E0;-1.634799957E0;8.674200058E0;-4.814119720E1;4.894373490E1
3.820953602E0;-1.695799947E0;8.661999702E0;-4.823880005E1;4.903965545E1
3.830953602E0;-1.793399930E0;8.686399460E0;-4.827539825E1;4.908343810E1
3.840953602E0;-1.915399909E0;8.722999573E0;-4.825099945E1;4.907054541E1
3.850953602E0;-2.000799894E0;8.771800041E0;-4.832419968E1;4.915461271E1
3.860953602E0;-2.159399986E0;8.771800041E0;-4.834859848E1;4.918530735E1
3.870953602E0;-2.195999861E0;8.759599686E0;-4.848279953E1;4.931667925E1
3.880953602E0;-2.122799873E0;8.783999443E0;-4.854380035E1;4.937778325E1
3.890953602E0;-2.134999990E0;8.832799911E0;-4.861700058E1;4.945896607E1
3.900953602E0;-2.220399857E0;8.832799911E0;-4.864139938E1;4.948670795E1
3.910953602E0;-2.220399857E0;8.918199539E0;-4.876339722E1;4.962190410E1
3.920953602E0;-2.232599974E0;8.930399895E0;-4.882439804E1;4.968458905E1
3.930953602E0;-2.269199848E0;8.857199669E0;-4.893420029E1;4.978107283E1
3.940953602E0;-2.305799961E0;8.942600250E0;-4.890979767E1;4.977404063E1
3.950953602E0;-2.269199848E0;8.979199409E0;-4.887319946E1;4.974298861E1
3.960953602E0;-2.269199848E0;8.967000008E0;-4.895859909E1;4.982470052E1
3.970953602E0;-2.110599995E0;9.015799522E0;-4.903179932E1;4.989846308E1
3.980953602E0;-1.964200020E0;8.954799652E0;-4.914159775E1;4.998943036E1
3.990953602E0;-1.866599917E0;8.845000267E0;-4.927579880E1;5.009812943E1
4.000953602E0;-1.781199932E0;8.832799911E0;-4.943439865E1;5.024888852E1
4.010953602E0;-1.610399961E0;8.918199539E0;-4.955640030E1;5.037821436E1
4.020953602E0;-1.598199964E0;8.906000137E0;-4.962960052E1;5.044767913E1
4.030953602E0;-1.573799968E0;8.930399895E0;-4.965399933E1;5.047522697E1
4.040953602E0;-1.610399961E0;8.942600250E0;-4.965399933E1;5.047854135E1
4.050953602E0;-1.781199932E0;8.869400024E0;-4.965399933E1;5.047136395E1
4.060953602E0;-1.805599928E0;8.967000008E0;-4.956859970E1;5.040548935E1
4.070953602E0;-1.878799915E0;9.003600121E0;-4.940999985E1;5.025875833E1
4.080953602E0;-1.903199911E0;9.027999878E0;-4.923920059E1;5.009616579E1
4.090953602E0;-1.927599907E0;9.003600121E0;-4.908060074E1;4.993681833E1
4.100953602E0;-1.817799926E0;8.979199409E0;-4.908060074E1;4.992830647E1
4.110953602E0;-1.915399909E0;8.967000008E0;-4.908060074E1;4.992976282E1
4.120953602E0;-1.964200020E0;8.942600250E0;-4.904399872E1;4.989130176E1
4.130953602E0;-1.903199911E0;8.979199409E0;-4.888539886E1;4.973962620E1
4.140953602E0;-1.915399909E0;8.967000008E0;-4.886100006E1;4.971391327E1
4.150953602E0;-1.927599907E0;8.991399765E0;-4.889759827E1;4.975475884E1
4.160953602E0;-1.903199911E0;9.027999878E0;-4.895859909E1;4.982039117E1
4.170953602E0;-2.013000011E0;9.076799393E0;-4.906839752E1;4.994144663E1
4.180953602E0;-2.098399878E0;9.113399506E0;-4.912939835E1;5.001154981E1
4.190953602E0;-2.025199890E0;9.149999619E0;-4.927579880E1;5.015902984E1
4.200953602E0;-1.951999903E0;9.210999489E0;-4.945879745E1;5.034705017E1
4.210953602E0;-1.976400018E0;9.247599602E0;-4.972719955E1;5.061836259E1
4.220953602E0;-2.061800003E0;9.271999359E0;-4.977599716E1;5.067416388E1
4.230953602E0;-2.049599886E0;9.284199715E0;-4.992239761E1;5.081971082E1
4.240953602E0;-2.147199869E0;9.259799957E0;-4.987360001E1;5.077135354E1
4.250953602E0;-2.147199869E0;9.296400070E0;-4.980039978E1;5.070614696E1
4.260953602E0;-2.134999990E0;9.271999359E0;-4.975159836E1;5.065323026E1
4.270953602E0;-2.147199869E0;9.296400070E0;-4.961739731E1;5.052642514E1
4.280953602E0;-2.195999861E0;9.186599731E0;-4.928799820E1;5.018488614E1
4.290953602E0;-2.195999861E0;9.162199974E0;-4.909280014E1;4.998871222E1
4.300953602E0;-2.110599995E0;9.125599861E0;-4.904399872E1;4.993040172E1
4.310953602E0;-2.147199869E0;9.137800217E0;-4.894639969E1;4.983833768E1
4.320953602E0;-2.098399878E0;9.076799393E0;-4.890979767E1;4.978915421E1
4.330953602E0;-2.025199890E0;9.088999748E0;-4.889759827E1;4.977636454E1
4.340953602E0;-2.037400007E0;9.101200104E0;-4.887319946E1;4.975512504E1
4.350953602E0;-2.061800003E0;9.027999878E0;-4.883659744E1;4.970683103E1
4.360953602E0;-2.061800003E0;9.015799522E0;-4.888539886E1;4.975256659E1
4.370953602E0;-2.086199999E0;9.027999878E0;-4.893420029E1;4.980374454E1
4.380953602E0;-2.086199999E0;9.015799522E0;-4.892200089E1;4.978954752E1
4.390953602E0;-2.013000011E0;9.003600121E0;-4.898299789E1;4.984426814E1
4.400953602E0;-1.951999903E0;9.015799522E0;-4.899519730E1;4.985603577E1
4.410953602E0;-1.964200020E0;8.954799652E0;-4.898299789E1;4.983352889E1
4.420953602E0;-1.903199911E0;8.906000137E0;-4.898299789E1;4.982241555E1
4.430953602E0;-1.878799915E0;8.881599426E0;-4.884880066E1;4.968518917E1
4.440953602E0;-1.793399930E0;8.893799782E0;-4.882439804E1;4.966022354E1
4.450953602E0;-1.732399940E0;8.845000267E0;-4.866579819E1;4.949338494E1
4.460953602E0;-1.732399940E0;8.845000267E0;-4.871459961E1;4.954137114E1
4.470953602E0;-1.646999955E0;8.808400154E0;-4.872679901E1;4.954393468E1
4.480953602E0;-1.598199964E0;8.832799911E0;-4.876339722E1;4.958267344E1
4.490953602E0;-1.598199964E0;8.820599556E0;-4.875119781E1;4.956850319E1
4.500953602E0;-1.622599959E0;8.845000267E0;-4.872679901E1;4.954964987E1
4.510953602E0;-1.585999966E0;8.796199799E0;-4.875119781E1;4.956377523E1
4.520953602E0;-1.561599970E0;8.869400024E0;-4.882439804E1;4.964802811E1
4.530953602E0;-1.524999976E0;8.881599426E0;-4.892200089E1;4.974505607E1
4.540953602E0;-1.549399972E0;8.954799652E0;-4.888539886E1;4.972294540E1
4.550953602E0;-1.585999966E0;8.942600250E0;-4.879999924E1;4.963794336E1
4.560953602E0;-1.598199964E0;8.893799782E0;-4.875119781E1;4.958158132E1
4.570953602E0;-1.646999955E0;8.918199539E0;-4.881219864E1;4.964753396E1
4.580953602E0;-1.646999955E0;8.918199539E0;-4.871459961E1;4.955158027E1
4.590953602E0;-1.683599949E0;8.942600250E0;-4.873899841E1;4.958119174E1
4.600953602E0;-1.695799947E0;8.906000137E0;-4.878779984E1;4.962299859E1
4.610953602E0;-1.756799936E0;8.893799782E0;-4.873899841E1;4.957495322E1
4.620953602E0;-1.720199943E0;8.906000137E0;-4.870240021E1;4.953988002E1
4.630953602E0;-1.817799926E0;8.991399765E0;-4.855599976E1;4.941492465E1
4.640953602E0;-1.829999924E0;9.040200233E0;-4.865359879E1;4.952016554E1
4.650953602E0;-1.671399951E0;8.979199409E0;-4.870240021E1;4.955142163E1
4.660953602E0;-1.646999955E0;8.991399765E0;-4.889759827E1;4.974467806E1
4.670953602E0;-1.573799968E0;9.027999878E0;-4.898299789E1;4.983287781E1
4.680953602E0;-1.561599970E0;9.015799522E0;-4.905619812E1;4.990224253E1
4.690953602E0;-1.585999966E0;9.040200233E0;-4.910499954E1;4.995539607E1
4.700953602E0;-1.512799978E0;9.003600121E0;-4.917819977E1;5.001848370E1
4.710953602E0;-1.354200006E0;8.954799652E0;-4.942219925E1;5.024515970E1
4.720953602E0;-1.378600001E0;8.942600250E0;-4.936119843E1;5.018364821E1
4.730953602E0;-1.451799989E0;9.015799522E0;-4.916600037E1;5.000687909E1
4.740953602E0;-1.378600001E0;9.003600121E0;-4.915379715E1;4.999061039E1
4.750953602E0;-1.402999997E0;9.027999878E0;-4.912939835E1;4.997170172E1
4.760953602E0;-1.366400003E0;9.040200233E0;-4.910499954E1;4.994890639E1
4.770953602E0;-1.268800020E0;9.052399635E0;-4.915379715E1;4.999651555E1
4.780953602E0;-1.354200006E0;9.052399635E0;-4.911719894E1;4.996277643E1
4.790953602E0;-1.402999997E0;9.101200104E0;-4.914159775E1;4.999696872E1
4.800953602E0;-1.354200006E0;9.137800217E0;-4.910499954E1;4.996633097E1
4.810953602E0;-1.354200006E0;9.125599861E0;-4.922699738E1;5.008400644E1
4.820953602E0;-1.390799999E0;9.125599861E0;-4.919039917E1;5.004903863E1
4.830953602E0;-1.354200006E0;9.088999748E0;-4.927579880E1;5.012532415E1
4.840953602E0;-1.342000008E0;9.113399506E0;-4.925139999E1;5.010544298E1
4.850953602E0;-1.354200006E0;9.101200104E0;-4.921479797E1;5.006757474E1
4.860953602E0;-1.256600022E0;9.101200104E0;-4.930019760E1;5.014898175E1
4.870953602E0;-1.293200016E0;9.052399635E0;-4.911719894E1;4.996116029E1
4.880953602E0;-1.439599991E0;9.003600121E0;-4.905619812E1;4.989637098E1
4.890953602E0;-1.476199985E0;8.991399765E0;-4.903179932E1;4.987125204E1
4.900953602E0;-1.427399993E0;8.942600250E0;-4.901959991E1;4.984905963E1
4.910953602E0;-1.415199995E0;8.942600250E0;-4.892200089E1;4.975273923E1
4.920953602E0;-1.549399972E0;8.918199539E0;-4.886100006E1;4.969237618E1
4.930953602E0;-1.610399961E0;8.918199539E0;-4.879999924E1;4.963433889E1
4.940953602E0;-1.695799947E0;8.893799782E0;-4.871459961E1;4.954884083E1
4.950953602E0;-1.768999934E0;8.954799652E0;-4.865359879E1;4.950242895E1
4.960953602E0;-1.683599949E0;8.942600250E0;-4.865359879E1;4.949724520E1
4.970953602E0;-1.622599959E0;8.918199539E0;-4.871459961E1;4.955077526E1
4.980953602E0;-1.659199953E0;8.906000137E0;-4.866579819E1;4.950181508E1
4.990953602E0;-1.634799957E0;8.967000008E0;-4.872679901E1;4.957197396E1
5.000953602E0;-1.512799978E0;8.954799652E0;-4.881219864E1;4.964985132E1
5.010953602E0;-1.512799978E0;8.893799782E0;-4.879999924E1;4.962688952E1
5.020953602E0;-1.549399972E0;8.942600250E0;-4.882439804E1;4.966077510E1
5.030953602E0;-1.500599980E0;8.857199669E0;-4.886100006E1;4.967996692E1
5.040953602E0;-1.524999976E0;8.857199669E0;-4.888539886E1;4.970470635E1
5.050953602E0;-1.451799989E0;8.796199799E0;-4.890979767E1;4.971568326E1
5.060953602E0;-1.537199974E0;8.808400154E0;-4.890979767E1;4.972041035E1
5.070953602E0;-1.622599959E0;8.735199928E0;-4.877560043E1;4.957817812E1
5.080953602E0;-1.598199964E0;8.735199928E0;-4.876339722E1;4.956537974E1
5.090953602E0;-1.561599970E0;8.747400284E0;-4.877560043E1;4.957837032E1
5.100953602E0;-1.573799968E0;8.747400284E0;-4.864139938E1;4.944673490E1
5.110953602E0;-1.634799957E0;8.759599686E0;-4.856819916E1;4.937887329E1
5.120953602E0;-1.671399951E0;8.759599686E0;-4.851939774E1;4.933210031E1
5.130953602E0;-1.829999924E0;8.783999443E0;-4.849499893E1;4.931807445E1
5.140953602E0;-1.756799936E0;8.735199928E0;-4.843399811E1;4.924674849E1
5.150953602E0;-1.732399940E0;8.759599686E0;-4.853160095E1;4.934620641E1
5.160953602E0;-1.854399920E0;8.722999573E0;-4.833639908E1;4.915218201E1
5.170953602E0;-1.866599917E0;8.710800171E0;-4.829980087E1;4.911448869E1
5.180953602E0;-1.817799926E0;8.674200058E0;-4.834859848E1;4.915417702E1
5.190953602E0;-1.744599938E0;8.625399590E0;-4.828759766E1;4.908292202E1
5.200953602E0;-1.695799947E0;8.576600075E0;-4.826319885E1;4.904865105E1
5.210953602E0;-1.573799968E0;8.600999832E0;-4.820219803E1;4.898883484E1
5.220953602E0;-1.549399972E0;8.613200188E0;-4.822660065E1;4.901421088E1
5.230953602E0;-1.537199974E0;8.600999832E0;-4.797039795E1;4.875960686E1
5.240953602E0;-1.488399982E0;8.613200188E0;-4.799480057E1;4.878425395E1
5.250953602E0;-1.439599991E0;8.637599945E0;-4.821439743E1;4.900314990E1
5.260953602E0;-1.476199985E0;8.637599945E0;-4.837299728E1;4.916029053E1
5.270953602E0;-1.451799989E0;8.698599815E0;-4.847060013E1;4.926634184E1
5.280953602E0;-1.342000008E0;8.796199799E0;-4.853160095E1;4.934055518E1
5.290953602E0;-1.415199995E0;8.747400284E0;-4.850719833E1;4.930991881E1
5.300953602E0;-1.463999987E0;8.796199799E0;-4.848279953E1;4.929602699E1
5.310953602E0;-1.451799989E0;8.857199669E0;-4.862919998E1;4.945054904E1
5.320953602E0;-1.463999987E0;8.893799782E0;-4.858039856E1;4.940949397E1
5.330953602E0;-1.488399982E0;8.869400024E0;-4.828759766E1;4.911795678E1
5.340953602E0;-1.378600001E0;8.869400024E0;-4.818999863E1;4.901880009E1
5.350953602E0;-1.342000008E0;8.845000267E0;-4.815340042E1;4.897739240E1
5.360953602E0;-1.439599991E0;8.783999443E0;-4.799480057E1;4.881323566E1
5.370953602E0;-1.390799999E0;8.845000267E0;-4.792160034E1;4.875087829E1
5.380953602E0;-1.342000008E0;8.771800041E0;-4.794599915E1;4.876027352E1
5.390953602E0;-1.244400024E0;8.710800171E0;-4.805579758E1;4.885474646E1
5.400953602E0;-1.134599924E0;8.710800171E0;-4.809239960E1;4.888807887E1
5.410953602E0;-1.110199928E0;8.698599815E0;-4.810459900E1;4.889734786E1
5.420953602E0;-1.146799922E0;8.661999702E0;-4.804359818E1;4.883167737E1
5.430953602E0;-1.195600033E0;8.625399590E0;-4.795819855E1;4.874234079E1
5.440953602E0;-1.207800031E0;8.637599945E0;-4.804359818E1;4.882882591E1
5.450953602E0;-1.256600022E0;8.625399590E0;-4.804359818E1;4.882790071E1
5.460953602E0;-1.268800020E0;8.686399460E0;-4.814119720E1;4.893504120E1
5.470953602E0;-1.415199995E0;8.710800171E0;-4.801919937E1;4.882339950E1
5.480953602E0;-1.561599970E0;8.686399460E0;-4.809239960E1;4.889551134E1
5.490953602E0;-1.549399972E0;8.722999573E0;-4.831200027E1;4.911762140E1
5.500953602E0;-1.659199953E0;8.747400284E0;-4.838520050E1;4.919753636E1
5.510953602E0;-1.659199953E0;8.783999443E0;-4.853160095E1;4.934802814E1
5.520953602E0;-1.720199943E0;8.808400154E0;-4.860479736E1;4.942644361E1
5.530953602E0;-1.720199943E0;8.832799911E0;-4.867799759E1;4.950277660E1
5.540953602E0;-1.805599928E0;8.832799911E0;-4.854380035E1;4.937387060E1
5.550953602E0;-1.695799947E0;8.857199669E0;-4.866579819E1;4.949429903E1
5.560953602E0;-1.671399951E0;8.906000137E0;-4.860479736E1;4.944225665E1
5.570953602E0;-1.793399930E0;8.906000137E0;-4.844619751E1;4.929063983E1
5.580953602E0;-1.768999934E0;8.893799782E0;-4.838520050E1;4.922760062E1
5.590953602E0;-1.805599928E0;8.906000137E0;-4.828759766E1;4.913521260E1
5.600953602E0;-1.683599949E0;8.918199539E0;-4.821439743E1;4.906115481E1
5.610953602E0;-1.695799947E0;8.893799782E0;-4.823880005E1;4.908112919E1
5.620953602E0;-1.707999945E0;8.906000137E0;-4.831200027E1;4.915570641E1
5.630953602E0;-1.829999924E0;8.881599426E0;-4.816559982E1;4.901180179E1
5.640953602E0;-1.805599928E0;8.783999443E0;-4.816559982E1;4.899330407E1
5.650953602E0;-1.634799957E0;8.747400284E0;-4.820219803E1;4.901674691E1
5.660953602E0;-1.585999966E0;8.759599686E0;-4.817779922E1;4.899332935E1
5.670953602E0;-1.537199974E0;8.783999443E0;-4.814119720E1;4.896015215E1
5.680953602E0;-1.610399961E0;8.783999443E0;-4.816559982E1;4.898649855E1
5.690953602E0;-1.549399972E0;8.735199928E0;-4.805579758E1;4.886782212E1
5.700953602E0;-1.500599980E0;8.686399460E0;-4.787279892E1;4.867761510E1
5.710953602E0;-1.427399993E0;8.649800301E0;-4.786059952E1;4.865689573E1
5.720953602E0;-1.354200006E0;8.674200058E0;-4.793379974E1;4.873114776E1
5.730953602E0;-1.342000008E0;8.698599815E0;-4.808020020E1;4.887915971E1
5.740953602E0;-1.268800020E0;8.710800171E0;-4.817779922E1;4.897538393E1
5.750953602E0;-1.207800031E0;8.661999702E0;-4.826319885E1;4.904921389E1
5.760953602E0;-1.183400035E0;8.649800301E0;-4.828759766E1;4.907047553E1
5.770953602E0;-1.183400035E0;8.686399460E0;-4.825099945E1;4.904093106E1
5.780953602E0;-1.171200037E0;8.710800171E0;-4.844619751E1;4.923701659E1
5.790953602E0;-1.146799922E0;8.747400284E0;-4.867799759E1;4.947099768E1
5.800953602E0;-1.195600033E0;8.796199799E0;-4.872679901E1;4.952881517E1
5.810953602E0;-1.317600012E0;8.808400154E0;-4.859259796E1;4.940207040E1
5.820953602E0;-1.342000008E0;8.783999443E0;-4.861700058E1;4.942238719E1
5.830953602E0;-1.378600001E0;8.808400154E0;-4.873899841E1;4.954773877E1
5.840953602E0;-1.390799999E0;8.832799911E0;-4.872679901E1;4.954042411E1
5.850953602E0;-1.415199995E0;8.857199669E0;-4.887319946E1;4.968945967E1
5.860953602E0;-1.451799989E0;8.881599426E0;-4.884880066E1;4.967087534E1
5.870953602E0;-1.537199974E0;8.893799782E0;-4.856819916E1;4.939972295E1
5.880953602E0;-1.634799957E0;8.918199539E0;-4.849499893E1;4.933529949E1
5.890953602E0;-1.683599949E0;8.930399895E0;-4.848279953E1;4.932715683E1
5.900953602E0;-1.793399930E0;8.954799652E0;-4.838520050E1;4.923954049E1
5.910953602E0;-1.878799915E0;8.991399765E0;-4.827539825E1;4.914152252E1
5.920953602E0;-1.854399920E0;8.942600250E0;-4.823880005E1;4.909573025E1
5.930953602E0;-1.878799915E0;8.954799652E0;-4.814119720E1;4.900299169E1
5.940953602E0;-1.878799915E0;8.942600250E0;-4.808020020E1;4.894083815E1
5.950953602E0;-1.903199911E0;8.930399895E0;-4.822660065E1;4.908339049E1
5.960953602E0;-1.854399920E0;8.845000267E0;-4.821439743E1;4.905406149E1
5.970953602E0;-1.671399951E0;8.759599686E0;-4.828759766E1;4.910413681E1
5.980953602E0;-1.561599970E0;8.759599686E0;-4.838520050E1;4.919651216E1
5.990953602E0;-1.463999987E0;8.686399460E0;-4.840959930E1;4.920453370E1
6.000953602E0;-1.402999997E0;8.722999573E0;-4.851939774E1;4.931724939E1
6.010953602E0;-1.268800020E0;8.698599815E0;-4.867799759E1;4.946537114E1
6.020953602E0;-1.220000029E0;8.698599815E0;-4.865359879E1;4.944013262E1
6.030953602E0;-1.207800031E0;8.698599815E0;-4.843399811E1;4.922374013E1
6.040953602E0;-1.183400035E0;8.747400284E0;-4.839739990E1;4.919579011E1
6.050953602E0;-1.256600022E0;8.759599686E0;-4.832419968E1;4.912777122E1
6.060953602E0;-1.329800010E0;8.710800171E0;-4.812899780E1;4.892899792E1
6.070953602E0;-1.220000029E0;8.686399460E0;-4.814119720E1;4.893380022E1
6.080953602E0;-1.256600022E0;8.661999702E0;-4.814119720E1;4.893040109E1
6.090953602E0;-1.378600001E0;8.637599945E0;-4.789719772E1;4.868932348E1
6.100953602E0;-1.402999997E0;8.600999832E0;-4.797039795E1;4.875556057E1
6.110953602E0;-1.317600012E0;8.600999832E0;-4.825099945E1;4.902929957E1
6.120953602E0;-1.317600012E0;8.613200188E0;-4.833639908E1;4.911548394E1
6.130953602E0;-1.305400014E0;8.661999702E0;-4.831200027E1;4.909973196E1
6.140953602E0;-1.366400003E0;8.722999573E0;-4.844619751E1;4.924420599E1
6.150953602E0;-1.512799978E0;8.820599556E0;-4.842179871E1;4.924187375E1
6.160953602E0;-1.573799968E0;8.881599426E0;-4.848279953E1;4.931471895E1
6.170953602E0;-1.488399982E0;8.930399895E0;-4.882439804E1;4.965671375E1
6.180953602E0;-1.427399993E0;8.991399765E0;-4.903179932E1;4.986983141E1
6.190953602E0;-1.463999987E0;9.003600121E0;-4.899519730E1;4.983710936E1
6.200953602E0;-1.549399972E0;9.015799522E0;-4.898299789E1;4.982990431E1
6.210953602E0;-1.646999955E0;9.015799522E0;-4.898299789E1;4.983303455E1
6.220953602E0;-1.646999955E0;8.967000008E0;-4.901959991E1;4.986021333E1
6.230953602E0;-1.744599938E0;8.881599426E0;-4.900740051E1;4.983624928E1
6.240953602E0;-1.683599949E0;8.893799782E0;-4.898299789E1;4.981233046E1
6.250953602E0;-1.756799936E0;8.832799911E0;-4.872679901E1;4.955204983E1
6.260953602E0;-1.866599917E0;8.783999443E0;-4.847060013E1;4.929545535E1
6.270953602E0;-1.829999924E0;8.832799911E0;-4.851939774E1;4.935077720E1
6.280953602E0;-1.707999945E0;8.845000267E0;-4.858039856E1;4.940856624E1
6.290953602E0;-1.585999966E0;8.771800041E0;-4.862919998E1;4.943944744E1
6.300953602E0;-1.463999987E0;8.783999443E0;-4.855599976E1;4.936584907E1
6.310953602E0;-1.195600033E0;8.820599556E0;-4.856819916E1;4.937714456E1
6.320953602E0;-1.134599924E0;8.820599556E0;-4.864139938E1;4.944771003E1
6.330953602E0;-1.110199928E0;8.857199669E0;-4.878779984E1;4.959770098E1
6.340953602E0;-1.024799943E0;8.845000267E0;-4.878779984E1;4.959368566E1
6.350953602E0;-1.012599945E0;8.759599686E0;-4.872679901E1;4.951824802E1
6.360953602E0;-1.024799943E0;8.747400284E0;-4.862919998E1;4.942030269E1
6.370953602E0;-1.073599935E0;8.771800041E0;-4.850719833E1;4.930563237E1
6.380953602E0;-1.134599924E0;8.759599686E0;-4.844619751E1;4.924481655E1
6.390953602E0;-1.281000018E0;8.710800171E0;-4.839739990E1;4.919174034E1
6.400953602E0;-1.378600001E0;8.649800301E0;-4.817779922E1;4.896753947E1
6.410953602E0;-1.439599991E0;8.613200188E0;-4.805579758E1;4.884280240E1
6.420953602E0;-1.512799978E0;8.613200188E0;-4.809239960E1;4.888102577E1
6.430953602E0;-1.622599959E0;8.649800301E0;-4.804359818E1;4.884300566E1
6.440953602E0;-1.695799947E0;8.637599945E0;-4.808020020E1;4.887933634E1
6.450953602E0;-1.768999934E0;8.686399460E0;-4.818999863E1;4.899855982E1
6.460953602E0;-1.854399920E0;8.686399460E0;-4.822660065E1;4.903771349E1
6.470953602E0;-1.793399930E0;8.698599815E0;-4.836079788E1;4.916959115E1
6.480953602E0;-1.842199922E0;8.735199928E0;-4.842179871E1;4.923787169E1
6.490953602E0;-1.829999924E0;8.796199799E0;-4.855599976E1;4.938023028E1
6.500953602E0;-1.854399920E0;8.832799911E0;-4.850719833E1;4.933969440E1
6.510953602E0;-1.744599938E0;8.747400284E0;-4.860479736E1;4.941646454E1
6.520953602E0;-1.659199953E0;8.759599686E0;-4.875119781E1;4.955968946E1
6.530953602E0;-1.585999966E0;8.783999443E0;-4.893420029E1;4.974163246E1
6.540953602E0;-1.524999976E0;8.832799911E0;-4.915379715E1;4.996438485E1
6.550953602E0;-1.598199964E0;8.906000137E0;-4.917819977E1;5.000366401E1
6.560953602E0;-1.524999976E0;8.832799911E0;-4.917819977E1;4.998839177E1
6.570953602E0;-1.439599991E0;8.820599556E0;-4.912939835E1;4.993569071E1
6.580953602E0;-1.390799999E0;8.820599556E0;-4.914159775E1;4.994631048E1
6.590953602E0;-1.488399982E0;8.942600250E0;-4.897079849E1;4.980285673E1
6.600953602E0;-1.524999976E0;8.906000137E0;-4.877560043E1;4.960545999E1
6.610953602E0;-1.524999976E0;8.832799911E0;-4.853160095E1;4.935240896E1
6.620953602E0;-1.537199974E0;8.771800041E0;-4.820219803E1;4.901794931E1
6.630953602E0;-1.488399982E0;8.735199928E0;-4.798259735E1;4.879394123E1
6.640953602E0;-1.537199974E0;8.796199799E0;-4.799480057E1;4.881840837E1
6.650953602E0;-1.549399972E0;8.771800041E0;-4.788499832E1;4.870644906E1
6.660953602E0;-1.427399993E0;8.747400284E0;-4.801919937E1;4.883029788E1
6.670953602E0;-1.305400014E0;8.710800171E0;-4.820219803E1;4.900034697E1
6.680953602E0;-1.268800020E0;8.735199928E0;-4.818999863E1;4.899172929E1
6.690953602E0;-1.195600033E0;8.722999573E0;-4.839739990E1;4.919175234E1
6.700953602E0;-1.134599924E0;8.771800041E0;-4.855599976E1;4.935500892E1
6.710953602E0;-1.134599924E0;8.722999573E0;-4.870240021E1;4.949042154E1
6.720953602E0;-1.110199928E0;8.735199928E0;-4.867799759E1;4.946800694E1
6.730953602E0;-1.134599924E0;8.710800171E0;-4.865359879E1;4.944024708E1
6.740953602E0;-1.317600012E0;8.722999573E0;-4.854380035E1;4.933890295E1
6.750953602E0;-1.427399993E0;8.722999573E0;-4.838520050E1;4.918593112E1
6.760953602E0;-1.390799999E0;8.710800171E0;-4.836079788E1;4.915871373E1
6.770953602E0;-1.402999997E0;8.722999573E0;-4.825099945E1;4.905321680E1
6.780953602E0;-1.366400003E0;8.637599945E0;-4.828759766E1;4.907308090E1
6.790953602E0;-1.329800010E0;8.674200058E0;-4.829980087E1;4.909053757E1
6.800953602E0;-1.342000008E0;8.698599815E0;-4.827539825E1;4.907117972E1
6.810953602E0;-1.354200006E0;8.747400284E0;-4.834859848E1;4.915219064E1
6.820953602E0;-1.281000018E0;8.735199928E0;-4.836079788E1;4.916005951E1
6.830953602E0;-1.171200037E0;8.710800171E0;-4.845840073E1;4.924902385E1
6.840953602E0;-1.207800031E0;8.649800301E0;-4.855599976E1;4.933520993E1
6.850953602E0;-1.293200016E0;8.686399460E0;-4.853160095E1;4.931979514E1
6.860953602E0;-1.317600012E0;8.783999443E0;-4.859259796E1;4.939772558E1
6.870953602E0;-1.317600012E0;8.808400154E0;-4.865359879E1;4.946207292E1
6.880953602E0;-1.220000029E0;8.759599686E0;-4.882439804E1;4.961895637E1
6.890953602E0;-1.146799922E0;8.771800041E0;-4.875119781E1;4.954734013E1
6.900953602E0;-1.146799922E0;8.759599686E0;-4.876339722E1;4.955718560E1
6.910953602E0;-1.232200027E0;8.796199799E0;-4.862919998E1;4.943369841E1
6.920953602E0;-1.305400014E0;8.893799782E0;-4.858039856E1;4.940504901E1
6.930953602E0;-1.220000029E0;8.893799782E0;-4.864139938E1;4.946285282E1
6.940953602E0;-1.195600033E0;8.893799782E0;-4.854380035E1;4.936628087E1
6.950953602E0;-1.146799922E0;8.881599426E0;-4.847060013E1;4.929094273E1
6.960953602E0;-1.110199928E0;8.869400024E0;-4.840959930E1;4.922791998E1
6.970953602E0;-1.085799932E0;8.857199669E0;-4.866579819E1;4.947715494E1
6.980953602E0;-1.073599935E0;8.869400024E0;-4.866579819E1;4.947907423E1
6.990953602E0;-1.073599935E0;8.808400154E0;-4.866579819E1;4.946817607E1
7.000953602E0;-9.393999577E-1;8.735199928E0;-4.871459961E1;4.950048894E1
7.010953602E0;-9.515999556E-1;8.759599686E0;-4.867799759E1;4.946901635E1
7.020953602E0;-1.024799943E0;8.710800171E0;-4.858039856E1;4.936581184E1
7.030953602E0;-1.134599924E0;8.698599815E0;-4.842179871E1;4.920999437E1
7.040953602E0;-1.244400024E0;8.686399460E0;-4.816559982E1;4.895842188E1
7.050953602E0;-1.329800010E0;8.649800301E0;-4.788499832E1;4.867813141E1
7.060953602E0;-1.415199995E0;8.661999702E0;-4.792160034E1;4.871871108E1
7.070953602E0;-1.342000008E0;8.759599686E0;-4.812899780E1;4.893804226E1
7.080953602E0;-1.390799999E0;8.820599556E0;-4.822660065E1;4.904632821E1
7.090953602E0;-1.439599991E0;8.796199799E0;-4.831200027E1;4.912733404E1
7.100953602E0;-1.390799999E0;8.820599556E0;-4.839739990E1;4.921428267E1
7.110953602E0;-1.378600001E0;8.869400024E0;-4.854380035E1;4.936666231E1
7.120953602E0;-1.378600001E0;8.893799782E0;-4.869020081E1;4.951500648E1
7.130953602E0;-1.268800020E0;8.881599426E0;-4.887319946E1;4.968986101E1
7.140953602E0;-1.158999920E0;8.906000137E0;-4.898299789E1;4.979954018E1
7.150953602E0;-1.220000029E0;8.857199669E0;-4.887319946E1;4.968428335E1
7.160953602E0;-1.329800010E0;8.832799911E0;-4.872679901E1;4.953874912E1
7.170953602E0;-1.378600001E0;8.832799911E0;-4.865359879E1;4.946808635E1
7.180953602E0;-1.500599980E0;8.845000267E0;-4.867799759E1;4.949781085E1
7.190953602E0;-1.512799978E0;8.845000267E0;-4.871459961E1;4.953417819E1
7.200953602E0;-1.463999987E0;8.869400024E0;-4.886100006E1;4.968105152E1
7.210953602E0;-1.549399972E0;8.881599426E0;-4.884880066E1;4.967382384E1
7.220953602E0;-1.537199974E0;8.857199669E0;-4.886100006E1;4.968108590E1
7.230953602E0;-1.451799989E0;8.845000267E0;-4.890979767E1;4.972434073E1
7.240953602E0;-1.500599980E0;8.783999443E0;-4.882439804E1;4.963096101E1
7.250953602E0;-1.463999987E0;8.735199928E0;-4.872679901E1;4.952522545E1
7.260953602E0;-1.500599980E0;8.710800171E0;-4.866579819E1;4.946200312E1
7.270953602E0;-1.537199974E0;8.674200058E0;-4.862919998E1;4.942068212E1
7.280953602E0;-1.585999966E0;8.674200058E0;-4.861700058E1;4.941022048E1
7.290953602E0;-1.659199953E0;8.722999573E0;-4.856819916E1;4.937320767E1
7.300953602E0;-1.744599938E0;8.735199928E0;-4.838520050E1;4.919832288E1
7.310953602E0;-1.842199922E0;8.747400284E0;-4.829980087E1;4.912007203E1
7.320953602E0;-1.695799947E0;8.820599556E0;-4.855599976E1;4.937979168E1
7.330953602E0;-1.695799947E0;8.857199669E0;-4.865359879E1;4.948230389E1
7.340953602E0;-1.610399961E0;8.869400024E0;-4.877560043E1;4.960160121E1
7.350953602E0;-1.500599980E0;8.857199669E0;-4.893420029E1;4.975196221E1
7.360953602E0;-1.451799989E0;8.893799782E0;-4.887319946E1;4.969705246E1
7.370953602E0;-1.476199985E0;8.869400024E0;-4.883659744E1;4.965741307E1
7.380953602E0;-1.451799989E0;8.869400024E0;-4.884880066E1;4.966869543E1
7.390953602E0;-1.439599991E0;8.893799782E0;-4.878779984E1;4.961271546E1
7.400953602E0;-1.476199985E0;8.857199669E0;-4.856819916E1;4.939128589E1
7.410953602E0;-1.463999987E0;8.918199539E0;-4.837299728E1;4.921000351E1
7.420953602E0;-1.476199985E0;8.869400024E0;-4.817779922E1;4.900964968E1
7.430953602E0;-1.439599991E0;8.808400154E0;-4.804359818E1;4.886560843E1
7.440953602E0;-1.463999987E0;8.722999573E0;-4.798259735E1;4.879102034E1
7.450953602E0;-1.366400003E0;8.686399460E0;-4.801919937E1;4.881766169E1
7.460953602E0;-1.268800020E0;8.649800301E0;-4.806800079E1;4.885654101E1
7.470953602E0;-1.171200037E0;8.588799477E0;-4.817779922E1;4.895139961E1
7.480953602E0;-1.183400035E0;8.515600204E0;-4.822660065E1;4.898694614E1
7.490953602E0;-1.183400035E0;8.454599380E0;-4.831200027E1;4.906047347E1
7.500953602E0;-1.232200027E0;8.454599380E0;-4.848279953E1;4.922987323E1
7.510953602E0;-1.329800010E0;8.515600204E0;-4.847060013E1;4.923091398E1
7.520953602E0;-1.268800020E0;8.539999962E0;-4.858039856E1;4.934163128E1
7.530953602E0;-1.207800031E0;8.564399719E0;-4.864139938E1;4.940438703E1
7.540953602E0;-1.232200027E0;8.564399719E0;-4.864139938E1;4.940498956E1
7.550953602E0;-1.268800020E0;8.600999832E0;-4.862919998E1;4.940026460E1
7.560953602E0;-1.232200027E0;8.661999702E0;-4.877560043E1;4.955408917E1
7.570953602E0;-1.207800031E0;8.661999702E0;-4.892200089E1;4.969759743E1
7.580953602E0;-1.097999930E0;8.698599815E0;-4.890979767E1;4.968943097E1
7.590953602E0;-1.024799943E0;8.674200058E0;-4.898299789E1;4.975566344E1
7.600953602E0;-1.049199939E0;8.698599815E0;-4.887319946E1;4.965235226E1
7.610953602E0;-1.183400035E0;8.710800171E0;-4.869020081E1;4.947741030E1
7.620953602E0;-1.244400024E0;8.735199928E0;-4.865359879E1;4.944719329E1
7.630953602E0;-1.293200016E0;8.722999573E0;-4.845840073E1;4.925423524E1
7.640953602E0;-1.281000018E0;8.747400284E0;-4.851939774E1;4.931825148E1
7.650953602E0;-1.293200016E0;8.698599815E0;-4.837299728E1;4.916589134E1
7.660953602E0;-1.342000008E0;8.674200058E0;-4.816559982E1;4.895883697E1
7.670953602E0;-1.402999997E0;8.686399460E0;-4.805579758E1;4.885469911E1
7.680953602E0;-1.463999987E0;8.649800301E0;-4.803139877E1;4.882599317E1
7.690953602E0;-1.354200006E0;8.625399590E0;-4.820219803E1;4.898656214E1
7.700953602E0;-1.305400014E0;8.625399590E0;-4.831200027E1;4.909328832E1
7.710953602E0;-1.232200027E0;8.637599945E0;-4.856819916E1;4.934568288E1
7.720953602E0;-1.171200037E0;8.661999702E0;-4.845840073E1;4.924041581E1
7.730953602E0;-1.134599924E0;8.686399460E0;-4.838520050E1;4.917182608E1
7.740953602E0;-1.036999941E0;8.698599815E0;-4.856819916E1;4.935190956E1
7.750953602E0;-1.012599945E0;8.698599815E0;-4.859259796E1;4.937541467E1
7.760953602E0;-9.515999556E-1;8.722999573E0;-4.869020081E1;4.947455830E1
7.770953602E0;-9.882000089E-1;8.759599686E0;-4.870240021E1;4.949374619E1
7.780953602E0;-9.759999514E-1;8.747400284E0;-4.865359879E1;4.944332374E1
7.790953602E0;-9.393999577E-1;8.771800041E0;-4.861700058E1;4.941092686E1
7.800953602E0;-1.036999941E0;8.686399460E0;-4.860479736E1;4.938577965E1
7.810953602E0;-1.158999920E0;8.710800171E0;-4.869020081E1;4.947683271E1
7.820953602E0;-1.329800010E0;8.747400284E0;-4.854380035E1;4.934355006E1
7.830953602E0;-1.402999997E0;8.771800041E0;-4.848279953E1;4.928990500E1
7.840953602E0;-1.451799989E0;8.808400154E0;-4.849499893E1;4.930984240E1
7.850953602E0;-1.500599980E0;8.771800041E0;-4.850719833E1;4.931677774E1
7.860953602E0;-1.610399961E0;8.796199799E0;-4.836079788E1;4.918061906E1
7.870953602E0;-1.707999945E0;8.796199799E0;-4.822660065E1;4.905196637E1
7.880953602E0;-1.793399930E0;8.869400024E0;-4.818999863E1;4.903221908E1
7.890953602E0;-1.732399940E0;8.893799782E0;-4.825099945E1;4.909439716E1
7.900953602E0;-1.695799947E0;8.893799782E0;-4.831200027E1;4.915307501E1
7.910953602E0;-1.671399951E0;8.881599426E0;-4.840959930E1;4.924597132E1
7.920953602E0;-1.744599938E0;8.820599556E0;-4.834859848E1;4.917757193E1
7.930953602E0;-1.854399920E0;8.808400154E0;-4.828759766E1;4.911943403E1
7.940953602E0;-1.866599917E0;8.771800041E0;-4.842179871E1;4.924529684E1
7.950953602E0;-1.878799915E0;8.722999573E0;-4.840959930E1;4.922509437E1
7.960953602E0;-1.817799926E0;8.698599815E0;-4.847060013E1;4.927848529E1
7.970953602E0;-1.915399909E0;8.686399460E0;-4.840959930E1;4.922003248E1
7.980953602E0;-1.866599917E0;8.686399460E0;-4.847060013E1;4.927815751E1
7.990953602E0;-1.756799936E0;8.686399460E0;-4.858039856E1;4.938213245E1
8.000953602E0;-1.659199953E0;8.698599815E0;-4.861700058E1;4.941691339E1
8.010953602E0;-1.500599980E0;8.735199928E0;-4.871459961E1;4.951431847E1
8.020953602E0;-1.524999976E0;8.832799911E0;-4.864139938E1;4.946038529E1
8.030953602E0;-1.488399982E0;8.881599426E0;-4.875119781E1;4.957597635E1
8.040953602E0;-1.512799978E0;8.869400024E0;-4.862919998E1;4.945456411E1
8.050953602E0;-1.439599991E0;8.881599426E0;-4.850719833E1;4.933460800E1
8.060953602E0;-1.451799989E0;8.893799782E0;-4.847060013E1;4.930118127E1
8.070953602E0;-1.573799968E0;8.893799782E0;-4.834859848E1;4.918499259E1
8.080953602E0;-1.622599959E0;8.893799782E0;-4.832419968E1;4.916259533E1
8.090953602E0;-1.683599949E0;8.906000137E0;-4.816559982E1;4.901098197E1
8.100953602E0;-1.573799968E0;8.869400024E0;-4.834859848E1;4.918058639E1
8.110953602E0;-1.585999966E0;8.857199669E0;-4.843399811E1;4.926274002E1
8.120953602E0;-1.585999966E0;8.869400024E0;-4.856819916E1;4.939687867E1
8.130953602E0;-1.573799968E0;8.881599426E0;-4.871459961E1;4.954262680E1
8.140953602E0;-1.634799957E0;8.869400024E0;-4.866579819E1;4.949443141E1
8.150953602E0;-1.585999966E0;8.820599556E0;-4.869020081E1;4.950812082E1
8.160953602E0;-1.537199974E0;8.820599556E0;-4.870240021E1;4.951857981E1
8.170953602E0;-1.451799989E0;8.771800041E0;-4.883659744E1;4.963935383E1
8.180953602E0;-1.488399982E0;8.722999573E0;-4.870240021E1;4.949979638E1
8.190953602E0;-1.512799978E0;8.759599686E0;-4.866579819E1;4.947099214E1
8.200953602E0;-1.549399972E0;8.771800041E0;-4.849499893E1;4.930628801E1
8.210953602E0;-1.463999987E0;8.759599686E0;-4.853160095E1;4.933751284E1
8.220953602E0;-1.342000008E0;8.808400154E0;-4.876339722E1;4.957073517E1
8.230953602E0;-1.366400003E0;8.869400024E0;-4.872679901E1;4.954628389E1
8.240953602E0;-1.439599991E0;8.832799911E0;-4.859259796E1;4.940983079E1
8.250953602E0;-1.512799978E0;8.845000267E0;-4.848279953E1;4.930623129E1
8.260953602E0;-1.610399961E0;8.820599556E0;-4.837299728E1;4.919698396E1
8.270953602E0;-1.512799978E0;8.771800041E0;-4.832419968E1;4.913716836E1
8.280953602E0;-1.402999997E0;8.735199928E0;-4.854380035E1;4.934341577E1
8.290953602E0;-1.488399982E0;8.759599686E0;-4.860479736E1;4.941024436E1
8.300953602E0;-1.500599980E0;8.735199928E0;-4.860479736E1;4.940629357E1
8.310953602E0;-1.463999987E0;8.710800171E0;-4.871459961E1;4.950892395E1
8.320953602E0;-1.427399993E0;8.747400284E0;-4.888539886E1;4.968235808E1
8.330953602E0;-1.415199995E0;8.796199799E0;-4.894639969E1;4.975063783E1
8.340953602E0;-1.329800010E0;8.881599426E0;-4.909280014E1;4.990745638E1
8.350953602E0;-1.476199985E0;8.918199539E0;-4.903179932E1;4.985810660E1
8.360953602E0;-1.561599970E0;8.967000008E0;-4.889759827E1;4.973751904E1
8.370953602E0;-1.622599959E0;8.967000008E0;-4.875119781E1;4.959555633E1
8.380953602E0;-1.646999955E0;8.954799652E0;-4.875119781E1;4.959415625E1
8.390953602E0;-1.622599959E0;8.918199539E0;-4.884880066E1;4.968271771E1
8.400953602E0;-1.622599959E0;8.857199669E0;-4.878779984E1;4.961181542E1
8.410953602E0;-1.683599949E0;8.869400024E0;-4.882439804E1;4.965201516E1
8.420953602E0;-1.744599938E0;8.832799911E0;-4.871459961E1;4.953962251E1
8.430953602E0;-1.598199964E0;8.845000267E0;-4.879999924E1;4.962084439E1
8.440953602E0;-1.573799968E0;8.820599556E0;-4.889759827E1;4.971171833E1
8.450953602E0;-1.524999976E0;8.796199799E0;-4.888539886E1;4.969387264E1
8.460953602E0;-1.573799968E0;8.845000267E0;-4.865359879E1;4.947609070E1
8.470953602E0;-1.573799968E0;8.918199539E0;-4.865359879E1;4.948922917E1
8.480953602E0;-1.549399972E0;9.027999878E0;-4.866579819E1;4.952035274E1
8.490953602E0;-1.439599991E0;9.003600121E0;-4.870240021E1;4.954857263E1
8.500953602E0;-1.415199995E0;9.027999878E0;-4.871459961E1;4.956429953E1
8.510953602E0;-1.537199974E0;9.052399635E0;-4.860479736E1;4.946448473E1
8.520953602E0;-1.476199985E0;9.064599991E0;-4.870240021E1;4.956077002E1
8.530953602E0;-1.427399993E0;9.003600121E0;-4.879999924E1;4.964415586E1
8.540953602E0;-1.329800010E0;8.967000008E0;-4.895859909E1;4.979076101E1
8.550953602E0;-1.378600001E0;8.893799782E0;-4.873899841E1;4.956299203E1
8.560953602E0;-1.463999987E0;8.771800041E0;-4.869020081E1;4.949569099E1
8.570953602E0;-1.549399972E0;8.722999573E0;-4.862919998E1;4.942965155E1
8.580953602E0;-1.634799957E0;8.661999702E0;-4.869020081E1;4.948169828E1
8.590953602E0;-1.488399982E0;8.625399590E0;-4.889759827E1;4.967482228E1
8.600953602E0;-1.524999976E0;8.588799477E0;-4.883659744E1;4.960953891E1
8.610953602E0;-1.610399961E0;8.613200188E0;-4.871459961E1;4.949639200E1
8.620953602E0;-1.622599959E0;8.637599945E0;-4.870240021E1;4.948903666E1
8.630953602E0;-1.549399972E0;8.686399460E0;-4.877560043E1;4.956726111E1
8.640953602E0;-1.476199985E0;8.808400154E0;-4.876339722E1;4.957454980E1
8.650953602E0;-1.463999987E0;8.857199669E0;-4.867799759E1;4.949889626E1
8.660953602E0;-1.378600001E0;8.832799911E0;-4.861700058E1;4.943209117E1
8.670953602E0;-1.512799978E0;8.845000267E0;-4.849499893E1;4.931822700E1
8.680953602E0;-1.500599980E0;8.893799782E0;-4.827539825E1;4.911074782E1
8.690953602E0;-1.451799989E0;8.930399895E0;-4.825099945E1;4.909194143E1
8.700953602E0;-1.512799978E0;8.906000137E0;-4.805579758E1;4.889749567E1
8.710953602E0;-1.610399961E0;8.845000267E0;-4.787279892E1;4.870967352E1
8.720953602E0;-1.622599959E0;8.759599686E0;-4.779959869E1;4.862268043E1
8.730953602E0;-1.463999987E0;8.771800041E0;-4.793379974E1;4.875178899E1
8.740953602E0;-1.354200006E0;8.747400284E0;-4.800699997E1;4.881621570E1
8.750953602E0;-1.195600033E0;8.698599815E0;-4.800699997E1;4.880335177E1
8.760953602E0;-1.171200037E0;8.722999573E0;-4.816559982E1;4.896312324E1
8.770953602E0;-1.061399937E0;8.649800301E0;-4.828759766E1;4.906768491E1
8.780953602E0;-1.012599945E0;8.637599945E0;-4.850719833E1;4.928064307E1
8.790953602E0;-8.905999660E-1;8.698599815E0;-4.872679901E1;4.950514871E1
8.800953602E0;-8.783999681E-1;8.722999573E0;-4.881219864E1;4.959327620E1
8.810953602E0;-9.393999577E-1;8.686399460E0;-4.882439804E1;4.959997835E1
8.820953602E0;-9.637999535E-1;8.686399460E0;-4.890979767E1;4.968451221E1
8.830953602E0;-1.036999941E0;8.698599815E0;-4.889759827E1;4.967611221E1
8.840953602E0;-1.122399926E0;8.649800301E0;-4.882439804E1;4.959738573E1
8.850953602E0;-1.317600012E0;8.649800301E0;-4.877560043E1;4.955415535E1
8.860953602E0;-1.402999997E0;8.674200058E0;-4.875119781E1;4.953674842E1
8.870953602E0;-1.512799978E0;8.674200058E0;-4.859259796E1;4.938391324E1
8.880953602E0;-1.598199964E0;8.661999702E0;-4.851939774E1;4.931243696E1
8.890953602E0;-1.695799947E0;8.686399460E0;-4.843399811E1;4.923597715E1
8.900953602E0;-1.829999924E0;8.735199928E0;-4.831200027E1;4.912944115E1
8.910953602E0;-1.964200020E0;8.783999443E0;-4.831200027E1;4.914332201E1
8.920953602E0;-1.866599917E0;8.845000267E0;-4.849499893E1;4.933034711E1
8.930953602E0;-1.720199943E0;8.991399765E0;-4.872679901E1;4.957928297E1
8.940953602E0;-1.707999945E0;8.991399765E0;-4.879999924E1;4.965080522E1
8.950953602E0;-1.720199943E0;8.991399765E0;-4.875119781E1;4.960326245E1
8.960953602E0;-1.720199943E0;9.040200233E0;-4.888539886E1;4.974400999E1
8.970953602E0;-1.732399940E0;9.003600121E0;-4.893420029E1;4.978576084E1
8.980953602E0;-1.585999966E0;9.027999878E0;-4.895859909E1;4.980928229E1
8.990953602E0;-1.524999976E0;9.052399635E0;-4.894639969E1;4.979981533E1
9.000953602E0;-1.646999955E0;9.003600121E0;-4.876339722E1;4.961498092E1
9.010953602E0;-1.768999934E0;8.918199539E0;-4.850719833E1;4.935191925E1
9.020953602E0;-1.744599938E0;8.869400024E0;-4.859259796E1;4.942621230E1
9.030953602E0;-1.646999955E0;8.906000137E0;-4.878779984E1;4.962135488E1
9.040953602E0;-1.524999976E0;8.930399895E0;-4.892200089E1;4.975379220E1
9.050953602E0;-1.427399993E0;8.942600250E0;-4.899519730E1;4.982506325E1
9.060953602E0;-1.427399993E0;8.930399895E0;-4.901959991E1;4.984687241E1
9.070953602E0;-1.342000008E0;8.869400024E0;-4.921479797E1;5.002562904E1
9.080953602E0;-1.268800020E0;8.869400024E0;-4.927579880E1;5.008373446E1
9.090953602E0;-1.171200037E0;8.857199669E0;-4.936119843E1;5.016322962E1
9.100953602E0;-1.232200027E0;8.832799911E0;-4.916600037E1;4.996831259E1
9.110953602E0;-1.268800020E0;8.759599686E0;-4.911719894E1;4.990831266E1
9.120953602E0;-1.232200027E0;8.686399460E0;-4.901959991E1;4.979852436E1
9.130953602E0;-1.220000029E0;8.747400284E0;-4.904399872E1;4.983291304E1
9.140953602E0;-1.281000018E0;8.735199928E0;-4.901959991E1;4.980829102E1
9.150953602E0;-1.342000008E0;8.759599686E0;-4.870240021E1;4.950207406E1
9.160953602E0;-1.415199995E0;8.759599686E0;-4.859259796E1;4.939609250E1
9.170953602E0;-1.463999987E0;8.783999443E0;-4.854380035E1;4.935384985E1
9.180953602E0;-1.329800010E0;8.820599556E0;-4.872679901E1;4.953657524E1
9.190953602E0;-1.354200006E0;8.857199669E0;-4.882439804E1;4.963975914E1
9.200953602E0;-1.439599991E0;8.869400024E0;-4.882439804E1;4.964434055E1
9.210953602E0;-1.476199985E0;8.808400154E0;-4.875119781E1;4.956255006E1
9.220953602E0;-1.402999997E0;8.796199799E0;-4.882439804E1;4.963026681E1
9.230953602E0;-1.439599991E0;8.845000267E0;-4.899519730E1;4.980798968E1
9.240953602E0;-1.451799989E0;8.845000267E0;-4.900740051E1;4.982034783E1
9.250953602E0;-1.476199985E0;8.857199669E0;-4.895859909E1;4.977523056E1
9.260953602E0;-1.512799978E0;8.845000267E0;-4.869020081E1;4.951018328E1
9.270953602E0;-1.537199974E0;8.869400024E0;-4.851939774E1;4.934735248E1
9.280953602E0;-1.488399982E0;8.869400024E0;-4.848279953E1;4.930987164E1
9.290953602E0;-1.512799978E0;8.918199539E0;-4.850719833E1;4.934340014E1
9.300953602E0;-1.549399972E0;8.893799782E0;-4.849499893E1;4.932813838E1
9.310953602E0;-1.451799989E0;8.869400024E0;-4.848279953E1;4.930878046E1
9.320953602E0;-1.415199995E0;8.906000137E0;-4.856819916E1;4.939827526E1
9.330953602E0;-1.390799999E0;8.881599426E0;-4.858039856E1;4.940518452E1
9.340953602E0;-1.451799989E0;8.942600250E0;-4.864139938E1;4.947790978E1
9.350953602E0;-1.476199985E0;8.930399895E0;-4.861700058E1;4.945244134E1
9.360953602E0;-1.476199985E0;8.954799652E0;-4.861700058E1;4.945685340E1
9.370953602E0;-1.524999976E0;8.881599426E0;-4.856819916E1;4.939714974E1
9.380953602E0;-1.512799978E0;8.954799652E0;-4.851939774E1;4.936201938E1
9.390953602E0;-1.500599980E0;8.918199539E0;-4.854380035E1;4.937901008E1
9.400953602E0;-1.500599980E0;8.845000267E0;-4.858039856E1;4.940183149E1
9.410953602E0;-1.524999976E0;8.832799911E0;-4.851939774E1;4.934040875E1
9.420953602E0;-1.488399982E0;8.735199928E0;-4.860479736E1;4.940592453E1
9.430953602E0;-1.366400003E0;8.747400284E0;-4.872679901E1;4.952458988E1
9.440953602E0;-1.390799999E0;8.747400284E0;-4.878779984E1;4.958528763E1
9.450953602E0;-1.305400014E0;8.796199799E0;-4.890979767E1;4.971162347E1
9.460953602E0;-1.390799999E0;8.735199928E0;-4.884880066E1;4.964316034E1
9.470953602E0;-1.463999987E0;8.722999573E0;-4.882439804E1;4.961910783E1
9.480953602E0;-1.463999987E0;8.771800041E0;-4.876339722E1;4.956769795E1
9.490953602E0;-1.488399982E0;8.796199799E0;-4.886100006E1;4.966876073E1
9.500953602E0;-1.476199985E0;8.845000267E0;-4.876339722E1;4.958106599E1
9.510953602E0;-1.488399982E0;8.845000267E0;-4.881219864E1;4.962942776E1
9.520953602E0;-1.524999976E0;8.857199669E0;-4.879999924E1;4.962071681E1
9.530953602E0;-1.524999976E0;8.857199669E0;-4.873899841E1;4.956072616E1
9.540953602E0;-1.415199995E0;8.857199669E0;-4.883659744E1;4.965345936E1
9.550953602E0;-1.366400003E0;8.845000267E0;-4.875119781E1;4.956591941E1
9.560953602E0;-1.415199995E0;8.735199928E0;-4.872679901E1;4.952380691E1
9.570953602E0;-1.402999997E0;8.698599815E0;-4.869020081E1;4.948100345E1
9.580953602E0;-1.354200006E0;8.759599686E0;-4.879999924E1;4.959843112E1
9.590953602E0;-1.402999997E0;8.747400284E0;-4.869020081E1;4.948960573E1
9.600953602E0;-1.476199985E0;8.722999573E0;-4.853160095E1;4.933139141E1
9.610953602E0;-1.598199964E0;8.698599815E0;-4.842179871E1;4.922286534E1
9.620953602E0;-1.707999945E0;8.722999573E0;-4.826319885E1;4.907488511E1
9.630953602E0;-1.793399930E0;8.771800041E0;-4.828759766E1;4.911061847E1
9.640953602E0;-1.695799947E0;8.869400024E0;-4.839739990E1;4.923261431E1
9.650953602E0;-1.598199964E0;8.857199669E0;-4.853160095E1;4.935909764E1
9.660953602E0;-1.598199964E0;8.832799911E0;-4.861700058E1;4.943870288E1
9.670953602E0;-1.549399972E0;8.820599556E0;-4.877560043E1;4.959095497E1
9.680953602E0;-1.451799989E0;8.832799911E0;-4.890979767E1;4.972217197E1
9.690953602E0;-1.378600001E0;8.808400154E0;-4.897079849E1;4.977577278E1
9.700953602E0;-1.354200006E0;8.796199799E0;-4.900740051E1;4.980895797E1
9.710953602E0;-1.366400003E0;8.771800041E0;-4.900740051E1;4.980498800E1
9.720953602E0;-1.488399982E0;8.735199928E0;-4.887319946E1;4.966999777E1
9.730953602E0;-1.561599970E0;8.796199799E0;-4.875119781E1;4.956300045E1
9.740953602E0;-1.634799957E0;8.747400284E0;-4.853160095E1;4.934071213E1
9.750953602E0;-1.695799947E0;8.747400284E0;-4.829980087E1;4.911479933E1
9.760953602E0;-1.695799947E0;8.747400284E0;-4.823880005E1;4.905481199E1
9.770953602E0;-1.732399940E0;8.735199928E0;-4.818999863E1;4.900592714E1
9.780953602E0;-1.732399940E0;8.759599686E0;-4.823880005E1;4.905826767E1
9.790953602E0;-1.598199964E0;8.735199928E0;-4.836079788E1;4.916934749E1
9.800953602E0;-1.439599991E0;8.698599815E0;-4.839739990E1;4.919396715E1
9.810953602E0;-1.366400003E0;8.600999832E0;-4.849499893E1;4.927077398E1
9.820953602E0;-1.281000018E0;8.625399590E0;-4.847060013E1;4.924873152E1
9.830953602E0;-1.158999920E0;8.625399590E0;-4.856819916E1;4.934177508E1
9.840953602E0;-1.134599924E0;8.625399590E0;-4.859259796E1;4.936522472E1
9.850953602E0;-1.049199939E0;8.649800301E0;-4.862919998E1;4.940363303E1
9.860953602E0;-9.393999577E-1;8.637599945E0;-4.873899841E1;4.950737896E1
9.870953602E0;-9.271999598E-1;8.661999702E0;-4.866579819E1;4.943935529E1
9.880953602E0;-8.905999660E-1;8.771800041E0;-4.878779984E1;4.957809049E1
9.890953602E0;-8.783999681E-1;8.820599556E0;-4.876339722E1;4.956252083E1
9.900953602E0;-9.027999640E-1;8.796199799E0;-4.886100006E1;4.965466248E1
9.910953602E0;-9.637999535E-1;8.759599686E0;-4.875119781E1;4.954128365E1
9.920953602E0;-9.393999577E-1;8.735199928E0;-4.877560043E1;4.956052247E1
9.930953602E0;-9.882000089E-1;8.771800041E0;-4.877560043E1;4.956793533E1
9.940953602E0;-1.146799922E0;8.796199799E0;-4.864139938E1;4.944364484E1
9.950953602E0;-1.305400014E0;8.832799911E0;-4.864139938E1;4.945410152E1
9.960953602E0;-1.451799989E0;8.759599686E0;-4.858039856E1;4.938515398E1
9.970953602E0;-1.463999987E0;8.747400284E0;-4.861700058E1;4.941935909E1
9.980953602E0;-1.451799989E0;8.735199928E0;-4.871459961E1;4.951286354E1
9.990953602E0;-1.488399982E0;8.698599815E0;-4.884880066E1;4.963956385E1
1.000095360E1;-1.561599970E0;8.710800171E0;-4.879999924E1;4.959593289E1
1.001095360E1;-1.598199964E0;8.674200058E0;-4.872679901E1;4.951865236E1
1.002095360E1;-1.488399982E0;8.637599945E0;-4.887319946E1;4.965292633E1
1.003095360E1;-1.342000008E0;8.552199364E0;-4.887319946E1;4.963396724E1
1.004095360E1;-1.244400024E0;8.576600075E0;-4.897079849E1;4.973173740E1
1.005095360E1;-1.293200016E0;8.552199364E0;-4.886100006E1;4.962065908E1
1.006095360E1;-1.366400003E0;8.576600075E0;-4.869020081E1;4.945867742E1
1.007095360E1;-1.402999997E0;8.625399590E0;-4.861700058E1;4.939614026E1
1.008095360E1;-1.439599991E0;8.649800301E0;-4.849499893E1;4.928140029E1
1.009095360E1;-1.402999997E0;8.674200058E0;-4.862919998E1;4.941668996E1
1.010095360E1;-1.561599970E0;8.710800171E0;-4.860479736E1;4.940387597E1
1.011095360E1;-1.646999955E0;8.759599686E0;-4.855599976E1;4.936727973E1
1.012095360E1;-1.610399961E0;8.808400154E0;-4.856819916E1;4.938675198E1
1.013095360E1;-1.549399972E0;8.820599556E0;-4.869020081E1;4.950696185E1
1.014095360E1;-1.512799978E0;8.893799782E0;-4.872679901E1;4.955491076E1
1.015095360E1;-1.549399972E0;8.918199539E0;-4.867799759E1;4.951244664E1
1.016095360E1;-1.488399982E0;8.930399895E0;-4.873899841E1;4.957274799E1
1.017095360E1;-1.500599980E0;8.906000137E0;-4.870240021E1;4.953274094E1
1.018095360E1;-1.366400003E0;8.881599426E0;-4.866579819E1;4.948848119E1
1.019095360E1;-1.402999997E0;8.845000267E0;-4.853160095E1;4.935097496E1
1.020095360E1;-1.524999976E0;8.808400154E0;-4.842179871E1;4.924006629E1
1.021095360E1;-1.585999966E0;8.857199669E0;-4.821439743E1;4.904685007E1
1.022095360E1;-1.561599970E0;8.808400154E0;-4.822660065E1;4.904927642E1
1.023095360E1;-1.549399972E0;8.771800041E0;-4.828759766E1;4.910231363E1
1.024095360E1;-1.634799957E0;8.771800041E0;-4.834859848E1;4.916506912E1
1.025095360E1;-1.683599949E0;8.783999443E0;-4.837299728E1;4.919288588E1
1.026095360E1;-1.817799926E0;8.808400154E0;-4.834859848E1;4.917803661E1
1.027095360E1;-1.707999945E0;8.832799911E0;-4.853160095E1;4.935840262E1
1.028095360E1;-1.683599949E0;8.832799911E0;-4.855599976E1;4.938155501E1
1.029095360E1;-1.659199953E0;8.832799911E0;-4.865359879E1;4.947670132E1
1.030095360E1;-1.634799957E0;8.845000267E0;-4.873899841E1;4.956204765E1
1.031095360E1;-1.720199943E0;8.881599426E0;-4.871459961E1;4.954749349E1
1.032095360E1;-1.707999945E0;8.759599686E0;-4.862919998E1;4.944134850E1
1.033095360E1;-1.646999955E0;8.796199799E0;-4.844619751E1;4.926580754E1
1.034095360E1;-1.476199985E0;8.796199799E0;-4.853160095E1;4.934438761E1
1.035095360E1;-1.634799957E0;8.820599556E0;-4.848279953E1;4.930575420E1
1.036095360E1;-1.695799947E0;8.796199799E0;-4.847060013E1;4.929145915E1
1.037095360E1;-1.768999934E0;8.796199799E0;-4.850719833E1;4.933001907E1
1.038095360E1;-1.854399920E0;8.832799911E0;-4.856819916E1;4.939966723E1
1.039095360E1;-1.768999934E0;8.820599556E0;-4.864139938E1;4.946633271E1
1.040095360E1;-1.768999934E0;8.954799652E0;-4.871459961E1;4.956238506E1
1.041095360E1;-1.817799926E0;8.881599426E0;-4.879999924E1;4.963493861E1
1.042095360E1;-1.951999903E0;8.771800041E0;-4.872679901E1;4.954851886E1
1.043095360E1;-1.927599907E0;8.783999443E0;-4.872679901E1;4.954972482E1
1.044095360E1;-1.988600016E0;8.783999443E0;-4.873899841E1;4.956413161E1
1.045095360E1;-2.037400007E0;8.759599686E0;-4.871459961E1;4.953780173E1
1.046095360E1;-1.939799905E0;8.710800171E0;-4.879999924E1;4.960928128E1
1.047095360E1;-1.866599917E0;8.759599686E0;-4.890979767E1;4.972306396E1
1.048095360E1;-1.781199932E0;8.759599686E0;-4.905619812E1;4.986395325E1
1.049095360E1;-1.683599949E0;8.808400154E0;-4.915379715E1;4.996516983E1
1.050095360E1;-1.598199964E0;8.893799782E0;-4.927579880E1;5.009748761E1
1.051095360E1;-1.561599970E0;8.942600250E0;-4.930019760E1;5.012901532E1
1.052095360E1;-1.415199995E0;8.967000008E0;-4.917819977E1;5.000905131E1
1.053095360E1;-1.354200006E0;8.967000008E0;-4.921479797E1;5.004335407E1
1.054095360E1;-1.415199995E0;8.954799652E0;-4.901959991E1;4.985090173E1
1.055095360E1;-1.366400003E0;8.906000137E0;-4.903179932E1;4.985279562E1
1.056095360E1;-1.402999997E0;8.942600250E0;-4.889759827E1;4.972839857E1
1.057095360E1;-1.573799968E0;8.967000008E0;-4.883659744E1;4.967793459E1
1.058095360E1;-1.634799957E0;8.991399765E0;-4.869020081E1;4.954042284E1
1.059095360E1;-1.524999976E0;8.881599426E0;-4.873899841E1;4.956509255E1
1.060095360E1;-1.488399982E0;8.832799911E0;-4.895859909E1;4.977125791E1
1.061095360E1;-1.378600001E0;8.857199669E0;-4.895859909E1;4.977243161E1
1.062095360E1;-1.268800020E0;8.820599556E0;-4.912939835E1;4.993105859E1
1.063095360E1;-1.305400014E0;8.783999443E0;-4.903179932E1;4.982950993E1
1.064095360E1;-1.305400014E0;8.735199928E0;-4.900740051E1;4.979691850E1
1.065095360E1;-1.183400035E0;8.710800171E0;-4.893420029E1;4.971754653E1
1.066095360E1;-1.085799932E0;8.710800171E0;-4.892200089E1;4.970331148E1
1.067095360E1;-1.183400035E0;8.735199928E0;-4.876339722E1;4.955373913E1
1.068095360E1;-1.305400014E0;8.771800041E0;-4.864139938E1;4.944324301E1
1.069095360E1;-1.402999997E0;8.735199928E0;-4.851939774E1;4.931940879E1
1.070095360E1;-1.585999966E0;8.722999573E0;-4.832419968E1;4.913078863E1
1.071095360E1;-1.744599938E0;8.771800041E0;-4.833639908E1;4.915684673E1
1.072095360E1;-1.768999934E0;8.783999443E0;-4.847060013E1;4.929185616E1
1.073095360E1;-1.781199932E0;8.796199799E0;-4.858039856E1;4.940243849E1
1.074095360E1;-1.878799915E0;8.808400154E0;-4.871459961E1;4.954018588E1
1.075095360E1;-1.939799905E0;8.918199539E0;-4.887319946E1;4.971807249E1
1.076095360E1;-1.878799915E0;8.942600250E0;-4.900740051E1;4.985203399E1
1.077095360E1;-1.854399920E0;8.991399765E0;-4.920259857E1;5.005177095E1
1.078095360E1;-1.720199943E0;9.101200104E0;-4.939780045E1;5.025866711E1
1.079095360E1;-1.585999966E0;9.162199974E0;-4.949539948E1;5.036125369E1
1.080095360E1;-1.573799968E0;9.186599731E0;-4.949539948E1;5.036531575E1
1.081095360E1;-1.659199953E0;9.186599731E0;-4.950759888E1;5.038004472E1
1.082095360E1;-1.695799947E0;9.210999489E0;-4.948320007E1;5.036174479E1
1.083095360E1;-1.634799957E0;9.174399376E0;-4.945879745E1;5.032906536E1
1.084095360E1;-1.744599938E0;9.223199844E0;-4.927579880E1;5.016189182E1
1.085095360E1;-1.732399940E0;9.186599731E0;-4.932460022E1;5.020269924E1
1.086095360E1;-1.781199932E0;9.235400200E0;-4.931240082E1;5.020137612E1
1.087095360E1;-1.817799926E0;9.162199974E0;-4.931240082E1;5.018927355E1
1.088095360E1;-1.805599928E0;9.125599861E0;-4.939780045E1;5.026608651E1
1.089095360E1;-1.720199943E0;9.149999619E0;-4.954420090E1;5.041140172E1
1.090095360E1;-1.732399940E0;9.113399506E0;-4.964179993E1;5.050112434E1
1.091095360E1;-1.768999934E0;9.101200104E0;-4.967839813E1;5.053616967E1
1.092095360E1;-1.781199932E0;9.027999878E0;-4.976379776E1;5.060744039E1
1.093095360E1;-1.842199922E0;9.064599991E0;-4.970280075E1;5.055619721E1
1.094095360E1;-1.890999913E0;8.942600250E0;-4.962960052E1;5.046427675E1
1.095095360E1;-1.988600016E0;9.003600121E0;-4.950759888E1;5.035892862E1
1.096095360E1;-2.073999882E0;8.991399765E0;-4.942219925E1;5.027624214E1
1.097095360E1;-2.073999882E0;8.979199409E0;-4.925139999E1;5.010616628E1
1.098095360E1;-2.049599886E0;8.954799652E0;-4.911719894E1;4.996887560E1
1.099095360E1;-1.939799905E0;8.942600250E0;-4.927579880E1;5.011823291E1
1.100095360E1;-1.793399930E0;9.027999878E0;-4.940999985E1;5.026001542E1
1.101095360E1;-1.793399930E0;9.015799522E0;-4.943439865E1;5.028181276E1
1.102095360E1;-1.695799947E0;9.113399506E0;-4.958079910E1;5.043991899E1
1.103095360E1;-1.537199974E0;9.137800217E0;-4.967839813E1;5.053519187E1
1.104095360E1;-1.451799989E0;9.149999619E0;-4.973939896E1;5.059484188E1
1.105095360E1;-1.354200006E0;9.174399376E0;-4.987360001E1;5.072848745E1
1.106095360E1;-1.256600022E0;9.235400200E0;-5.009320068E1;5.095292352E1
1.107095360E1;-1.293200016E0;9.235400200E0;-4.997119904E1;5.083390322E1
1.108095360E1;-1.427399993E0;9.137800217E0;-4.983699799E1;5.068790025E1
1.109095360E1;-1.463999987E0;9.125599861E0;-4.984919739E1;5.069874110E1
1.110095360E1;-1.573799968E0;9.088999748E0;-4.973939896E1;5.058749422E1
1.111095360E1;-1.683599949E0;9.052399635E0;-4.966619873E1;5.051249097E1
1.112095360E1;-1.744599938E0;9.040200233E0;-4.959299850E1;5.044040394E1
1.113095360E1;-1.866599917E0;9.052399635E0;-4.940999985E1;5.026706894E1
1.114095360E1;-1.951999903E0;9.052399635E0;-4.922699738E1;5.009045332E1
1.115095360E1;-2.061800003E0;9.027999878E0;-4.914159775E1;5.000652388E1
1.116095360E1;-2.061800003E0;9.088999748E0;-4.910499954E1;4.998161578E1
1.117095360E1;-2.049599886E0;9.064599991E0;-4.892200089E1;4.979688749E1
1.118095360E1;-2.049599886E0;9.015799522E0;-4.881219864E1;4.968013926E1
1.119095360E1;-1.988600016E0;9.003600121E0;-4.879999924E1;4.966346012E1
1.120095360E1;-1.976400018E0;9.015799522E0;-4.884880066E1;4.971313834E1
1.121095360E1;-1.988600016E0;8.991399765E0;-4.888539886E1;4.974517084E1
